symbol,timestamp,price_open,price_high,price_low,price_close,volume_traded,trades_count,is_Monday,is_Tuesday,is_Wednesday,is_Thursday,is_Friday,is_Saturday,is_Sunday,is_winter,is_spring,is_summer,is_autumn
BINANCEFTS_PERP_DOGE_USDT,2020-07-10 00:00:00+00:00,0.003856,0.003977,0.00334,0.003535,7578179800.0,126332.0,False,False,False,False,True,False,False,False,False,True,False
BINANCEFTS_PERP_DOGE_USDT,2020-07-11 00:00:00+00:00,0.003535,0.00396,0.003411,0.003812,6154154959.0,75627.0,False,False,False,False,False,True,False,False,False,True,False
BINANCEFTS_PERP_DOGE_USDT,2020-07-12 00:00:00+00:00,0.00381,0.003861,0.003573,0.003648,2832682740.0,38411.0,False,False,False,False,False,False,True,False,False,True,False
BINANCEFTS_PERP_DOGE_USDT,2020-07-13 00:00:00+00:00,0.003647,0.00366,0.002942,0.003159,7754495522.0,79460.0,True,False,False,False,False,False,False,False,False,True,False
BINANCEFTS_PERP_DOGE_USDT,2020-07-14 00:00:00+00:00,0.003159,0.003401,0.003014,0.003293,4978543051.0,62843.0,False,True,False,False,False,False,False,False,False,True,False
BINANCEFTS_PERP_DOGE_USDT,2020-07-15 00:00:00+00:00,0.003293,0.003293,0.003046,0.003088,3104188124.0,39641.0,False,False,True,False,False,False,False,False,False,True,False
BINANCEFTS_PERP_DOGE_USDT,2020-07-16 00:00:00+00:00,0.003089,0.003093,0.00287,0.002985,3211986224.0,33738.0,False,False,False,True,False,False,False,False,False,True,False
BINANCEFTS_PERP_DOGE_USDT,2020-07-17 00:00:00+00:00,0.002985,0.003095,0.002912,0.003057,3227239839.0,26812.0,False,False,False,False,True,False,False,False,False,True,False
BINANCEFTS_PERP_DOGE_USDT,2020-07-18 00:00:00+00:00,0.003058,0.003678,0.003013,0.003436,13483791081.0,122754.0,False,False,False,False,False,True,False,False,False,True,False
BINANCEFTS_PERP_DOGE_USDT,2020-07-19 00:00:00+00:00,0.003437,0.003779,0.003301,0.003385,7212773014.0,75315.0,False,False,False,False,False,False,True,False,False,True,False
BINANCEFTS_PERP_DOGE_USDT,2020-07-20 00:00:00+00:00,0.003386,0.003432,0.003125,0.003216,3363031243.0,32238.0,True,False,False,False,False,False,False,False,False,True,False
BINANCEFTS_PERP_DOGE_USDT,2020-07-21 00:00:00+00:00,0.003215,0.003321,0.00318,0.003302,2619443411.0,23250.0,False,True,False,False,False,False,False,False,False,True,False
BINANCEFTS_PERP_DOGE_USDT,2020-07-22 00:00:00+00:00,0.003303,0.003314,0.003203,0.003292,1421543633.0,14909.0,False,False,True,False,False,False,False,False,False,True,False
BINANCEFTS_PERP_DOGE_USDT,2020-07-23 00:00:00+00:00,0.003294,0.003349,0.003265,0.003307,1674318643.0,15126.0,False,False,False,True,False,False,False,False,False,True,False
BINANCEFTS_PERP_DOGE_USDT,2020-07-24 00:00:00+00:00,0.003307,0.003314,0.003131,0.003213,1958265733.0,19302.0,False,False,False,False,True,False,False,False,False,True,False
BINANCEFTS_PERP_DOGE_USDT,2020-07-25 00:00:00+00:00,0.003213,0.00333,0.00318,0.003261,1830671869.0,25293.0,False,False,False,False,False,True,False,False,False,True,False
BINANCEFTS_PERP_DOGE_USDT,2020-07-26 00:00:00+00:00,0.00326,0.003297,0.003186,0.003239,1706816092.0,17348.0,False,False,False,False,False,False,True,False,False,True,False
BINANCEFTS_PERP_DOGE_USDT,2020-07-27 00:00:00+00:00,0.00324,0.003253,0.002999,0.003162,2747068881.0,26633.0,True,False,False,False,False,False,False,False,False,True,False
BINANCEFTS_PERP_DOGE_USDT,2020-07-28 00:00:00+00:00,0.003163,0.003233,0.003125,0.003189,1303272965.0,12330.0,False,True,False,False,False,False,False,False,False,True,False
BINANCEFTS_PERP_DOGE_USDT,2020-07-29 00:00:00+00:00,0.00319,0.003306,0.003165,0.003173,1909850957.0,15610.0,False,False,True,False,False,False,False,False,False,True,False
BINANCEFTS_PERP_DOGE_USDT,2020-07-30 00:00:00+00:00,0.003172,0.003245,0.003135,0.003228,1390413974.0,11112.0,False,False,False,True,False,False,False,False,False,True,False
BINANCEFTS_PERP_DOGE_USDT,2020-07-31 00:00:00+00:00,0.003228,0.003242,0.003175,0.00323,1099731013.0,8690.0,False,False,False,False,True,False,False,False,False,True,False
BINANCEFTS_PERP_DOGE_USDT,2020-08-01 00:00:00+00:00,0.00323,0.003872,0.003207,0.003715,10216943773.0,82516.0,False,False,False,False,False,True,False,False,False,True,False
BINANCEFTS_PERP_DOGE_USDT,2020-08-02 00:00:00+00:00,0.003717,0.003798,0.003061,0.00334,5243937296.0,85992.0,False,False,False,False,False,False,True,False,False,True,False
BINANCEFTS_PERP_DOGE_USDT,2020-08-03 00:00:00+00:00,0.00334,0.003446,0.003311,0.003384,2209764359.0,23050.0,True,False,False,False,False,False,False,False,False,True,False
BINANCEFTS_PERP_DOGE_USDT,2020-08-04 00:00:00+00:00,0.003384,0.003581,0.003363,0.003552,4816227415.0,37309.0,False,True,False,False,False,False,False,False,False,True,False
BINANCEFTS_PERP_DOGE_USDT,2020-08-05 00:00:00+00:00,0.003553,0.003595,0.003443,0.003506,2312321454.0,25129.0,False,False,True,False,False,False,False,False,False,True,False
BINANCEFTS_PERP_DOGE_USDT,2020-08-06 00:00:00+00:00,0.003506,0.003656,0.00345,0.003562,2805190546.0,28183.0,False,False,False,True,False,False,False,False,False,True,False
BINANCEFTS_PERP_DOGE_USDT,2020-08-07 00:00:00+00:00,0.003562,0.003621,0.003347,0.003496,2178416173.0,34299.0,False,False,False,False,True,False,False,False,False,True,False
BINANCEFTS_PERP_DOGE_USDT,2020-08-08 00:00:00+00:00,0.003495,0.003524,0.003392,0.003524,1076365750.0,18457.0,False,False,False,False,False,True,False,False,False,True,False
BINANCEFTS_PERP_DOGE_USDT,2020-08-09 00:00:00+00:00,0.003523,0.003538,0.003411,0.003471,1056863867.0,15309.0,False,False,False,False,False,False,True,False,False,True,False
BINANCEFTS_PERP_DOGE_USDT,2020-08-10 00:00:00+00:00,0.003471,0.003565,0.003382,0.003505,1971519264.0,24422.0,True,False,False,False,False,False,False,False,False,True,False
BINANCEFTS_PERP_DOGE_USDT,2020-08-11 00:00:00+00:00,0.003503,0.003588,0.003318,0.003397,2194380541.0,31254.0,False,True,False,False,False,False,False,False,False,True,False
BINANCEFTS_PERP_DOGE_USDT,2020-08-12 00:00:00+00:00,0.003396,0.003506,0.003311,0.003468,1532632558.0,22796.0,False,False,True,False,False,False,False,False,False,True,False
BINANCEFTS_PERP_DOGE_USDT,2020-08-13 00:00:00+00:00,0.003467,0.003526,0.003333,0.003491,1887102282.0,24135.0,False,False,False,True,False,False,False,False,False,True,False
BINANCEFTS_PERP_DOGE_USDT,2020-08-14 00:00:00+00:00,0.003492,0.003606,0.003434,0.003579,1981401261.0,22289.0,False,False,False,False,True,False,False,False,False,True,False
BINANCEFTS_PERP_DOGE_USDT,2020-08-15 00:00:00+00:00,0.003576,0.003637,0.003478,0.003541,2457133321.0,24493.0,False,False,False,False,False,True,False,False,False,True,False
BINANCEFTS_PERP_DOGE_USDT,2020-08-16 00:00:00+00:00,0.00354,0.003567,0.003437,0.003535,1278782845.0,14965.0,False,False,False,False,False,False,True,False,False,True,False
BINANCEFTS_PERP_DOGE_USDT,2020-08-17 00:00:00+00:00,0.003534,0.00374,0.0035,0.003589,2828004384.0,29044.0,True,False,False,False,False,False,False,False,False,True,False
BINANCEFTS_PERP_DOGE_USDT,2020-08-18 00:00:00+00:00,0.00359,0.00373,0.003442,0.003476,2074922672.0,23330.0,False,True,False,False,False,False,False,False,False,True,False
BINANCEFTS_PERP_DOGE_USDT,2020-08-19 00:00:00+00:00,0.003474,0.003543,0.003325,0.003418,1997968591.0,25046.0,False,False,True,False,False,False,False,False,False,True,False
BINANCEFTS_PERP_DOGE_USDT,2020-08-20 00:00:00+00:00,0.003419,0.003509,0.00337,0.003447,948698816.0,14062.0,False,False,False,True,False,False,False,False,False,True,False
BINANCEFTS_PERP_DOGE_USDT,2020-08-21 00:00:00+00:00,0.003447,0.003577,0.003346,0.003379,2132572606.0,23054.0,False,False,False,False,True,False,False,False,False,True,False
BINANCEFTS_PERP_DOGE_USDT,2020-08-22 00:00:00+00:00,0.00338,0.003457,0.003319,0.003434,1228543980.0,17480.0,False,False,False,False,False,True,False,False,False,True,False
BINANCEFTS_PERP_DOGE_USDT,2020-08-23 00:00:00+00:00,0.003433,0.003462,0.003362,0.003398,1169334775.0,13663.0,False,False,False,False,False,False,True,False,False,True,False
BINANCEFTS_PERP_DOGE_USDT,2020-08-24 00:00:00+00:00,0.003398,0.003478,0.003372,0.00341,1546024218.0,18158.0,True,False,False,False,False,False,False,False,False,True,False
BINANCEFTS_PERP_DOGE_USDT,2020-08-25 00:00:00+00:00,0.00341,0.003423,0.003206,0.003289,2064895290.0,24901.0,False,True,False,False,False,False,False,False,False,True,False
BINANCEFTS_PERP_DOGE_USDT,2020-08-26 00:00:00+00:00,0.003289,0.00338,0.003225,0.003285,1669395394.0,15835.0,False,False,True,False,False,False,False,False,False,True,False
BINANCEFTS_PERP_DOGE_USDT,2020-08-27 00:00:00+00:00,0.003285,0.003306,0.003127,0.003195,1276766420.0,19270.0,False,False,False,True,False,False,False,False,False,True,False
BINANCEFTS_PERP_DOGE_USDT,2020-08-28 00:00:00+00:00,0.003196,0.003266,0.003163,0.003255,413077106.0,7233.0,False,False,False,False,True,False,False,False,False,True,False
BINANCEFTS_PERP_DOGE_USDT,2020-08-29 00:00:00+00:00,0.003258,0.003291,0.003228,0.003273,423529652.0,7918.0,False,False,False,False,False,True,False,False,False,True,False
BINANCEFTS_PERP_DOGE_USDT,2020-08-30 00:00:00+00:00,0.003272,0.003348,0.003262,0.003298,730114289.0,19296.0,False,False,False,False,False,False,True,False,False,True,False
BINANCEFTS_PERP_DOGE_USDT,2020-08-31 00:00:00+00:00,0.003298,0.003306,0.003184,0.00321,798332941.0,10491.0,True,False,False,False,False,False,False,False,False,True,False
BINANCEFTS_PERP_DOGE_USDT,2020-09-01 00:00:00+00:00,0.00321,0.00328,0.003166,0.003242,1007053845.0,11077.0,False,True,False,False,False,False,False,False,False,False,True
BINANCEFTS_PERP_DOGE_USDT,2020-09-02 00:00:00+00:00,0.003242,0.003267,0.002978,0.003117,1203122729.0,17372.0,False,False,True,False,False,False,False,False,False,False,True
BINANCEFTS_PERP_DOGE_USDT,2020-09-03 00:00:00+00:00,0.003117,0.003126,0.002693,0.00276,1768964971.0,31295.0,False,False,False,True,False,False,False,False,False,False,True
BINANCEFTS_PERP_DOGE_USDT,2020-09-04 00:00:00+00:00,0.002757,0.00296,0.002691,0.002877,1899751423.0,26673.0,False,False,False,False,True,False,False,False,False,False,True
BINANCEFTS_PERP_DOGE_USDT,2020-09-05 00:00:00+00:00,0.002877,0.002921,0.002682,0.00276,1936238165.0,30322.0,False,False,False,False,False,True,False,False,False,False,True
BINANCEFTS_PERP_DOGE_USDT,2020-09-06 00:00:00+00:00,0.00276,0.002804,0.00267,0.002779,1527135103.0,21215.0,False,False,False,False,False,False,True,False,False,False,True
BINANCEFTS_PERP_DOGE_USDT,2020-09-07 00:00:00+00:00,0.002779,0.002835,0.002685,0.002816,1362343584.0,20801.0,True,False,False,False,False,False,False,False,False,False,True
BINANCEFTS_PERP_DOGE_USDT,2020-09-08 00:00:00+00:00,0.002816,0.002838,0.002662,0.002745,1184173492.0,17485.0,False,True,False,False,False,False,False,False,False,False,True
BINANCEFTS_PERP_DOGE_USDT,2020-09-09 00:00:00+00:00,0.002745,0.002805,0.002687,0.002778,610998890.0,10070.0,False,False,True,False,False,False,False,False,False,False,True
BINANCEFTS_PERP_DOGE_USDT,2020-09-10 00:00:00+00:00,0.002779,0.002845,0.00275,0.002802,854280172.0,12731.0,False,False,False,True,False,False,False,False,False,False,True
BINANCEFTS_PERP_DOGE_USDT,2020-09-11 00:00:00+00:00,0.002804,0.002814,0.002731,0.002796,940669101.0,14163.0,False,False,False,False,True,False,False,False,False,False,True
BINANCEFTS_PERP_DOGE_USDT,2020-09-12 00:00:00+00:00,0.002795,0.00283,0.002755,0.002815,652617518.0,10105.0,False,False,False,False,False,True,False,False,False,False,True
BINANCEFTS_PERP_DOGE_USDT,2020-09-13 00:00:00+00:00,0.002815,0.002818,0.002733,0.002787,841981215.0,14276.0,False,False,False,False,False,False,True,False,False,False,True
BINANCEFTS_PERP_DOGE_USDT,2020-09-14 00:00:00+00:00,0.002788,0.002811,0.002732,0.002788,874423681.0,12618.0,True,False,False,False,False,False,False,False,False,False,True
BINANCEFTS_PERP_DOGE_USDT,2020-09-15 00:00:00+00:00,0.002787,0.002872,0.002756,0.002829,1339001858.0,15843.0,False,True,False,False,False,False,False,False,False,False,True
BINANCEFTS_PERP_DOGE_USDT,2020-09-16 00:00:00+00:00,0.002828,0.002854,0.002766,0.002809,1180482418.0,14610.0,False,False,True,False,False,False,False,False,False,False,True
BINANCEFTS_PERP_DOGE_USDT,2020-09-17 00:00:00+00:00,0.002808,0.002859,0.002762,0.002805,898176923.0,13635.0,False,False,False,True,False,False,False,False,False,False,True
BINANCEFTS_PERP_DOGE_USDT,2020-09-18 00:00:00+00:00,0.002804,0.002819,0.002744,0.002788,608368739.0,10067.0,False,False,False,False,True,False,False,False,False,False,True
BINANCEFTS_PERP_DOGE_USDT,2020-09-19 00:00:00+00:00,0.002788,0.002808,0.002765,0.002793,602365810.0,7680.0,False,False,False,False,False,True,False,False,False,False,True
BINANCEFTS_PERP_DOGE_USDT,2020-09-20 00:00:00+00:00,0.002791,0.002803,0.00272,0.002775,760394514.0,10775.0,False,False,False,False,False,False,True,False,False,False,True
BINANCEFTS_PERP_DOGE_USDT,2020-09-21 00:00:00+00:00,0.002776,0.0028,0.002554,0.002593,1939239104.0,22534.0,True,False,False,False,False,False,False,False,False,False,True
BINANCEFTS_PERP_DOGE_USDT,2020-09-22 00:00:00+00:00,0.002592,0.00266,0.002575,0.002641,710107241.0,14042.0,False,True,False,False,False,False,False,False,False,False,True
BINANCEFTS_PERP_DOGE_USDT,2020-09-23 00:00:00+00:00,0.002639,0.002646,0.002526,0.00254,974296157.0,15868.0,False,False,True,False,False,False,False,False,False,False,True
BINANCEFTS_PERP_DOGE_USDT,2020-09-24 00:00:00+00:00,0.002539,0.002659,0.00252,0.00263,1225171183.0,14503.0,False,False,False,True,False,False,False,False,False,False,True
BINANCEFTS_PERP_DOGE_USDT,2020-09-25 00:00:00+00:00,0.002629,0.002709,0.002611,0.002689,1341974713.0,16376.0,False,False,False,False,True,False,False,False,False,False,True
BINANCEFTS_PERP_DOGE_USDT,2020-09-26 00:00:00+00:00,0.002692,0.002761,0.002665,0.002696,608018941.0,9726.0,False,False,False,False,False,True,False,False,False,False,True
BINANCEFTS_PERP_DOGE_USDT,2020-09-27 00:00:00+00:00,0.002695,0.00273,0.002654,0.002696,509560487.0,7579.0,False,False,False,False,False,False,True,False,False,False,True
BINANCEFTS_PERP_DOGE_USDT,2020-09-28 00:00:00+00:00,0.002696,0.002737,0.002609,0.002645,648574910.0,8420.0,True,False,False,False,False,False,False,False,False,False,True
BINANCEFTS_PERP_DOGE_USDT,2020-09-29 00:00:00+00:00,0.002644,0.002706,0.002628,0.002673,704060178.0,10776.0,False,True,False,False,False,False,False,False,False,False,True
BINANCEFTS_PERP_DOGE_USDT,2020-09-30 00:00:00+00:00,0.002674,0.002678,0.002613,0.002633,580234140.0,7898.0,False,False,True,False,False,False,False,False,False,False,True
BINANCEFTS_PERP_DOGE_USDT,2020-10-01 00:00:00+00:00,0.002633,0.002683,0.00255,0.002627,871273702.0,9451.0,False,False,False,True,False,False,False,False,False,False,True
BINANCEFTS_PERP_DOGE_USDT,2020-10-02 00:00:00+00:00,0.002626,0.002627,0.002525,0.002589,1182999535.0,13620.0,False,False,False,False,True,False,False,False,False,False,True
BINANCEFTS_PERP_DOGE_USDT,2020-10-03 00:00:00+00:00,0.00259,0.002629,0.002574,0.002589,378187650.0,6336.0,False,False,False,False,False,True,False,False,False,False,True
BINANCEFTS_PERP_DOGE_USDT,2020-10-04 00:00:00+00:00,0.002588,0.002678,0.002583,0.002635,534497872.0,6955.0,False,False,False,False,False,False,True,False,False,False,True
BINANCEFTS_PERP_DOGE_USDT,2020-10-05 00:00:00+00:00,0.002635,0.002656,0.002597,0.002611,380915695.0,7895.0,True,False,False,False,False,False,False,False,False,False,True
BINANCEFTS_PERP_DOGE_USDT,2020-10-06 00:00:00+00:00,0.002612,0.00263,0.00256,0.002598,849199720.0,11679.0,False,True,False,False,False,False,False,False,False,False,True
BINANCEFTS_PERP_DOGE_USDT,2020-10-07 00:00:00+00:00,0.002597,0.002609,0.002551,0.00259,1143917575.0,9839.0,False,False,True,False,False,False,False,False,False,False,True
BINANCEFTS_PERP_DOGE_USDT,2020-10-08 00:00:00+00:00,0.00259,0.002595,0.002538,0.002574,467682520.0,3263.0,False,False,False,True,False,False,False,False,False,False,True
BINANCEFTS_PERP_DOGE_USDT,2020-10-09 00:00:00+00:00,0.002603,0.002672,0.002585,0.002638,912039139.0,8684.0,False,False,False,False,True,False,False,False,False,False,True
BINANCEFTS_PERP_DOGE_USDT,2020-10-10 00:00:00+00:00,0.002651,0.00272,0.002645,0.002662,1065993494.0,9863.0,False,False,False,False,False,True,False,False,False,False,True
BINANCEFTS_PERP_DOGE_USDT,2020-10-11 00:00:00+00:00,0.00266,0.002707,0.002647,0.002671,943145140.0,10256.0,False,False,False,False,False,False,True,False,False,False,True
BINANCEFTS_PERP_DOGE_USDT,2020-10-12 00:00:00+00:00,0.002672,0.002711,0.002626,0.002665,929857146.0,12079.0,True,False,False,False,False,False,False,False,False,False,True
BINANCEFTS_PERP_DOGE_USDT,2020-10-13 00:00:00+00:00,0.002664,0.002675,0.00263,0.00264,946985509.0,13841.0,False,True,False,False,False,False,False,False,False,False,True
BINANCEFTS_PERP_DOGE_USDT,2020-10-14 00:00:00+00:00,0.00264,0.002657,0.002612,0.002636,671409683.0,15434.0,False,False,True,False,False,False,False,False,False,False,True
BINANCEFTS_PERP_DOGE_USDT,2020-10-15 00:00:00+00:00,0.002636,0.002639,0.002566,0.002593,690276286.0,12292.0,False,False,False,True,False,False,False,False,False,False,True
BINANCEFTS_PERP_DOGE_USDT,2020-10-16 00:00:00+00:00,0.002593,0.002618,0.00255,0.002603,1111594391.0,12529.0,False,False,False,False,True,False,False,False,False,False,True
BINANCEFTS_PERP_DOGE_USDT,2020-10-17 00:00:00+00:00,0.002603,0.002605,0.00257,0.002587,645765705.0,13567.0,False,False,False,False,False,True,False,False,False,False,True
BINANCEFTS_PERP_DOGE_USDT,2020-10-18 00:00:00+00:00,0.002587,0.002607,0.002581,0.002588,1903692683.0,13976.0,False,False,False,False,False,False,True,False,False,False,True
BINANCEFTS_PERP_DOGE_USDT,2020-10-19 00:00:00+00:00,0.002588,0.002621,0.00257,0.002593,2415786425.0,20705.0,True,False,False,False,False,False,False,False,False,False,True
BINANCEFTS_PERP_DOGE_USDT,2020-10-20 00:00:00+00:00,0.002593,0.002622,0.00258,0.002594,767589013.0,14415.0,False,True,False,False,False,False,False,False,False,False,True
BINANCEFTS_PERP_DOGE_USDT,2020-10-21 00:00:00+00:00,0.002594,0.002665,0.002594,0.002627,1112437851.0,13841.0,False,False,True,False,False,False,False,False,False,False,True
BINANCEFTS_PERP_DOGE_USDT,2020-10-22 00:00:00+00:00,0.002626,0.002698,0.002624,0.002649,776563916.0,13905.0,False,False,False,True,False,False,False,False,False,False,True
BINANCEFTS_PERP_DOGE_USDT,2020-10-23 00:00:00+00:00,0.002649,0.002691,0.002623,0.002645,776781230.0,14718.0,False,False,False,False,True,False,False,False,False,False,True
BINANCEFTS_PERP_DOGE_USDT,2020-10-24 00:00:00+00:00,0.002645,0.002645,0.002609,0.002638,412487585.0,14436.0,False,False,False,False,False,True,False,False,False,False,True
BINANCEFTS_PERP_DOGE_USDT,2020-10-25 00:00:00+00:00,0.002639,0.002674,0.002619,0.002653,661190723.0,12474.0,False,False,False,False,False,False,True,False,False,False,True
BINANCEFTS_PERP_DOGE_USDT,2020-10-26 00:00:00+00:00,0.002653,0.002912,0.002629,0.002669,4454836618.0,33754.0,True,False,False,False,False,False,False,False,False,False,True
BINANCEFTS_PERP_DOGE_USDT,2020-10-27 00:00:00+00:00,0.002669,0.002708,0.002612,0.002691,872590702.0,11079.0,False,True,False,False,False,False,False,False,False,False,True
BINANCEFTS_PERP_DOGE_USDT,2020-10-28 00:00:00+00:00,0.002671,0.002695,0.002561,0.002582,1421994162.0,16664.0,False,False,True,False,False,False,False,False,False,False,True
BINANCEFTS_PERP_DOGE_USDT,2020-10-29 00:00:00+00:00,0.002582,0.002613,0.002506,0.002576,815101818.0,20246.0,False,False,False,True,False,False,False,False,False,False,True
BINANCEFTS_PERP_DOGE_USDT,2020-10-30 00:00:00+00:00,0.002576,0.002596,0.002503,0.002583,1430931398.0,16601.0,False,False,False,False,True,False,False,False,False,False,True
BINANCEFTS_PERP_DOGE_USDT,2020-10-31 00:00:00+00:00,0.002584,0.002602,0.002551,0.002568,718914518.0,26085.0,False,False,False,False,False,True,False,False,False,False,True
BINANCEFTS_PERP_DOGE_USDT,2020-11-01 00:00:00+00:00,0.002568,0.002588,0.002552,0.002575,818024138.0,27840.0,False,False,False,False,False,False,True,False,False,False,True
BINANCEFTS_PERP_DOGE_USDT,2020-11-02 00:00:00+00:00,0.002574,0.00259,0.002508,0.002514,1292758511.0,26515.0,True,False,False,False,False,False,False,False,False,False,True
BINANCEFTS_PERP_DOGE_USDT,2020-11-03 00:00:00+00:00,0.002513,0.002526,0.002455,0.002519,755393101.0,30240.0,False,True,False,False,False,False,False,False,False,False,True
BINANCEFTS_PERP_DOGE_USDT,2020-11-04 00:00:00+00:00,0.002518,0.002559,0.002484,0.002541,1331130484.0,22216.0,False,False,True,False,False,False,False,False,False,False,True
BINANCEFTS_PERP_DOGE_USDT,2020-11-05 00:00:00+00:00,0.002541,0.002673,0.002541,0.002635,1097362967.0,29207.0,False,False,False,True,False,False,False,False,False,False,True
BINANCEFTS_PERP_DOGE_USDT,2020-11-06 00:00:00+00:00,0.002635,0.002821,0.00263,0.002759,2816120885.0,28362.0,False,False,False,False,True,False,False,False,False,False,True
BINANCEFTS_PERP_DOGE_USDT,2020-11-07 00:00:00+00:00,0.002759,0.002833,0.002601,0.002666,2968056353.0,24896.0,False,False,False,False,False,True,False,False,False,False,True
BINANCEFTS_PERP_DOGE_USDT,2020-11-08 00:00:00+00:00,0.002667,0.002742,0.002645,0.002705,992715002.0,17377.0,False,False,False,False,False,False,True,False,False,False,True
BINANCEFTS_PERP_DOGE_USDT,2020-11-09 00:00:00+00:00,0.002705,0.002792,0.002661,0.002674,1183853398.0,19685.0,True,False,False,False,False,False,False,False,False,False,True
BINANCEFTS_PERP_DOGE_USDT,2020-11-10 00:00:00+00:00,0.002674,0.002894,0.002656,0.002761,1855574887.0,27516.0,False,True,False,False,False,False,False,False,False,False,True
BINANCEFTS_PERP_DOGE_USDT,2020-11-11 00:00:00+00:00,0.002762,0.002871,0.00274,0.002757,1306325787.0,16115.0,False,False,True,False,False,False,False,False,False,False,True
BINANCEFTS_PERP_DOGE_USDT,2020-11-12 00:00:00+00:00,0.002756,0.002806,0.002718,0.002779,615593489.0,15837.0,False,False,False,True,False,False,False,False,False,False,True
BINANCEFTS_PERP_DOGE_USDT,2020-11-13 00:00:00+00:00,0.002779,0.002854,0.002769,0.002817,939887251.0,15741.0,False,False,False,False,True,False,False,False,False,False,True
BINANCEFTS_PERP_DOGE_USDT,2020-11-14 00:00:00+00:00,0.002818,0.002828,0.002708,0.002776,898263080.0,14084.0,False,False,False,False,False,True,False,False,False,False,True
BINANCEFTS_PERP_DOGE_USDT,2020-11-15 00:00:00+00:00,0.002776,0.002821,0.002723,0.002776,1038738954.0,16607.0,False,False,False,False,False,False,True,False,False,False,True
BINANCEFTS_PERP_DOGE_USDT,2020-11-16 00:00:00+00:00,0.002775,0.00305,0.002756,0.002897,4169009009.0,28631.0,True,False,False,False,False,False,False,False,False,False,True
BINANCEFTS_PERP_DOGE_USDT,2020-11-17 00:00:00+00:00,0.002898,0.003023,0.002887,0.002947,2716080517.0,23406.0,False,True,False,False,False,False,False,False,False,False,True
BINANCEFTS_PERP_DOGE_USDT,2020-11-18 00:00:00+00:00,0.002948,0.003029,0.002813,0.002911,2999996640.0,30258.0,False,False,True,False,False,False,False,False,False,False,True
BINANCEFTS_PERP_DOGE_USDT,2020-11-19 00:00:00+00:00,0.002911,0.002982,0.002858,0.002916,1916570314.0,21519.0,False,False,False,True,False,False,False,False,False,False,True
BINANCEFTS_PERP_DOGE_USDT,2020-11-20 00:00:00+00:00,0.002915,0.003032,0.002906,0.002998,2342929512.0,21226.0,False,False,False,False,True,False,False,False,False,False,True
BINANCEFTS_PERP_DOGE_USDT,2020-11-21 00:00:00+00:00,0.002998,0.00362,0.002988,0.003522,9536649180.0,73661.0,False,False,False,False,False,True,False,False,False,False,True
BINANCEFTS_PERP_DOGE_USDT,2020-11-22 00:00:00+00:00,0.003523,0.003715,0.003147,0.003344,6592100020.0,61038.0,False,False,False,False,False,False,True,False,False,False,True
BINANCEFTS_PERP_DOGE_USDT,2020-11-23 00:00:00+00:00,0.003344,0.003706,0.003228,0.00369,5030942545.0,43813.0,True,False,False,False,False,False,False,False,False,False,True
BINANCEFTS_PERP_DOGE_USDT,2020-11-24 00:00:00+00:00,0.003689,0.004304,0.003533,0.004273,13561264187.0,139799.0,False,True,False,False,False,False,False,False,False,False,True
BINANCEFTS_PERP_DOGE_USDT,2020-11-25 00:00:00+00:00,0.004271,0.004319,0.003579,0.003722,7061733413.0,86960.0,False,False,True,False,False,False,False,False,False,False,True
BINANCEFTS_PERP_DOGE_USDT,2020-11-26 00:00:00+00:00,0.003723,0.003808,0.002943,0.003254,8265542377.0,103790.0,False,False,False,True,False,False,False,False,False,False,True
BINANCEFTS_PERP_DOGE_USDT,2020-11-27 00:00:00+00:00,0.003255,0.003362,0.00308,0.003278,2314045441.0,29149.0,False,False,False,False,True,False,False,False,False,False,True
BINANCEFTS_PERP_DOGE_USDT,2020-11-28 00:00:00+00:00,0.003277,0.003488,0.003235,0.003395,1936345289.0,21988.0,False,False,False,False,False,True,False,False,False,False,True
BINANCEFTS_PERP_DOGE_USDT,2020-11-29 00:00:00+00:00,0.003395,0.00353,0.003339,0.003443,1010505181.0,15472.0,False,False,False,False,False,False,True,False,False,False,True
BINANCEFTS_PERP_DOGE_USDT,2020-11-30 00:00:00+00:00,0.003444,0.0036,0.003387,0.003568,1826957026.0,24410.0,True,False,False,False,False,False,False,False,False,False,True
BINANCEFTS_PERP_DOGE_USDT,2020-12-01 00:00:00+00:00,0.003566,0.003593,0.003247,0.003325,2126879184.0,34479.0,False,True,False,False,False,False,False,True,False,False,False
BINANCEFTS_PERP_DOGE_USDT,2020-12-02 00:00:00+00:00,0.003324,0.003439,0.003267,0.003363,1183106222.0,20583.0,False,False,True,False,False,False,False,True,False,False,False
BINANCEFTS_PERP_DOGE_USDT,2020-12-03 00:00:00+00:00,0.003362,0.003523,0.003339,0.003424,1556133132.0,21440.0,False,False,False,True,False,False,False,True,False,False,False
BINANCEFTS_PERP_DOGE_USDT,2020-12-04 00:00:00+00:00,0.003423,0.003444,0.003265,0.003287,1288605108.0,19433.0,False,False,False,False,True,False,False,True,False,False,False
BINANCEFTS_PERP_DOGE_USDT,2020-12-05 00:00:00+00:00,0.003286,0.003417,0.003245,0.003398,797785234.0,10746.0,False,False,False,False,False,True,False,True,False,False,False
BINANCEFTS_PERP_DOGE_USDT,2020-12-06 00:00:00+00:00,0.003398,0.003448,0.003343,0.003391,564809646.0,10218.0,False,False,False,False,False,False,True,True,False,False,False
BINANCEFTS_PERP_DOGE_USDT,2020-12-07 00:00:00+00:00,0.003391,0.003406,0.003303,0.003341,427527036.0,8462.0,True,False,False,False,False,False,False,True,False,False,False
BINANCEFTS_PERP_DOGE_USDT,2020-12-08 00:00:00+00:00,0.00334,0.003364,0.003107,0.003176,1076869765.0,13239.0,False,True,False,False,False,False,False,True,False,False,False
BINANCEFTS_PERP_DOGE_USDT,2020-12-09 00:00:00+00:00,0.003176,0.003185,0.003003,0.00315,1020299434.0,12522.0,False,False,True,False,False,False,False,True,False,False,False
BINANCEFTS_PERP_DOGE_USDT,2020-12-10 00:00:00+00:00,0.003151,0.003171,0.003057,0.003096,525283399.0,7985.0,False,False,False,True,False,False,False,True,False,False,False
BINANCEFTS_PERP_DOGE_USDT,2020-12-11 00:00:00+00:00,0.0031,0.003107,0.003,0.003069,949285980.0,12317.0,False,False,False,False,True,False,False,True,False,False,False
BINANCEFTS_PERP_DOGE_USDT,2020-12-12 00:00:00+00:00,0.00307,0.003189,0.003066,0.003153,760549836.0,13466.0,False,False,False,False,False,True,False,True,False,False,False
BINANCEFTS_PERP_DOGE_USDT,2020-12-13 00:00:00+00:00,0.003154,0.003275,0.003142,0.00326,999837337.0,11962.0,False,False,False,False,False,False,True,True,False,False,False
BINANCEFTS_PERP_DOGE_USDT,2020-12-14 00:00:00+00:00,0.00326,0.003283,0.00319,0.003224,675069936.0,9600.0,True,False,False,False,False,False,False,True,False,False,False
BINANCEFTS_PERP_DOGE_USDT,2020-12-15 00:00:00+00:00,0.003225,0.003256,0.003166,0.003206,684980304.0,9492.0,False,True,False,False,False,False,False,True,False,False,False
BINANCEFTS_PERP_DOGE_USDT,2020-12-16 00:00:00+00:00,0.003207,0.003434,0.003175,0.003422,1908833423.0,17770.0,False,False,True,False,False,False,False,True,False,False,False
BINANCEFTS_PERP_DOGE_USDT,2020-12-17 00:00:00+00:00,0.003422,0.004139,0.003403,0.003732,7844233058.0,85705.0,False,False,False,True,False,False,False,True,False,False,False
BINANCEFTS_PERP_DOGE_USDT,2020-12-18 00:00:00+00:00,0.003728,0.004006,0.0036,0.003866,3390531520.0,38358.0,False,False,False,False,True,False,False,True,False,False,False
BINANCEFTS_PERP_DOGE_USDT,2020-12-19 00:00:00+00:00,0.003867,0.00405,0.003798,0.00393,2551219594.0,33697.0,False,False,False,False,False,True,False,True,False,False,False
BINANCEFTS_PERP_DOGE_USDT,2020-12-20 00:00:00+00:00,0.003927,0.004756,0.003817,0.004642,16279135613.0,155331.0,False,False,False,False,False,False,True,True,False,False,False
BINANCEFTS_PERP_DOGE_USDT,2020-12-21 00:00:00+00:00,0.004641,0.005445,0.0043,0.004778,18755209024.0,238598.0,True,False,False,False,False,False,False,True,False,False,False
BINANCEFTS_PERP_DOGE_USDT,2020-12-22 00:00:00+00:00,0.004777,0.004846,0.004329,0.004521,6379411827.0,79346.0,False,True,False,False,False,False,False,True,False,False,False
BINANCEFTS_PERP_DOGE_USDT,2020-12-23 00:00:00+00:00,0.004525,0.004775,0.003581,0.003755,5772921591.0,75821.0,False,False,True,False,False,False,False,True,False,False,False
BINANCEFTS_PERP_DOGE_USDT,2020-12-24 00:00:00+00:00,0.003756,0.004599,0.003658,0.004575,4472929810.0,57977.0,False,False,False,True,False,False,False,True,False,False,False
BINANCEFTS_PERP_DOGE_USDT,2020-12-25 00:00:00+00:00,0.004579,0.004642,0.004367,0.004565,3819609004.0,43111.0,False,False,False,False,True,False,False,True,False,False,False
BINANCEFTS_PERP_DOGE_USDT,2020-12-26 00:00:00+00:00,0.004565,0.004673,0.004401,0.004519,3090781583.0,35321.0,False,False,False,False,False,True,False,True,False,False,False
BINANCEFTS_PERP_DOGE_USDT,2020-12-27 00:00:00+00:00,0.004519,0.004841,0.004387,0.004554,4044310447.0,52480.0,False,False,False,False,False,False,True,True,False,False,False
BINANCEFTS_PERP_DOGE_USDT,2020-12-28 00:00:00+00:00,0.004551,0.004744,0.004495,0.004609,2313272273.0,36821.0,True,False,False,False,False,False,False,True,False,False,False
BINANCEFTS_PERP_DOGE_USDT,2020-12-29 00:00:00+00:00,0.004608,0.004644,0.00424,0.004498,2431306696.0,35091.0,False,True,False,False,False,False,False,True,False,False,False
BINANCEFTS_PERP_DOGE_USDT,2020-12-30 00:00:00+00:00,0.004502,0.004752,0.004438,0.004635,2061932177.0,27573.0,False,False,True,False,False,False,False,True,False,False,False
BINANCEFTS_PERP_DOGE_USDT,2020-12-31 00:00:00+00:00,0.004638,0.004775,0.004522,0.004678,1791408661.0,26735.0,False,False,False,True,False,False,False,True,False,False,False
BINANCEFTS_PERP_DOGE_USDT,2021-01-01 00:00:00+00:00,0.004679,0.00569,0.004617,0.00568,4582399306.0,67263.0,False,False,False,False,True,False,False,True,False,False,False
BINANCEFTS_PERP_DOGE_USDT,2021-01-02 00:00:00+00:00,0.00568,0.014076,0.00555,0.010542,98909809915.0,1746680.0,False,False,False,False,False,True,False,True,False,False,False
BINANCEFTS_PERP_DOGE_USDT,2021-01-03 00:00:00+00:00,0.010543,0.014,0.009331,0.009877,58969892265.0,1442499.0,False,False,False,False,False,False,True,True,False,False,False
BINANCEFTS_PERP_DOGE_USDT,2021-01-04 00:00:00+00:00,0.009878,0.011554,0.0077,0.009796,26513679841.0,726621.0,True,False,False,False,False,False,False,True,False,False,False
BINANCEFTS_PERP_DOGE_USDT,2021-01-05 00:00:00+00:00,0.009796,0.010345,0.008848,0.01,9898853432.0,301151.0,False,True,False,False,False,False,False,True,False,False,False
BINANCEFTS_PERP_DOGE_USDT,2021-01-06 00:00:00+00:00,0.009994,0.011077,0.009533,0.010468,9302684365.0,245586.0,False,False,True,False,False,False,False,True,False,False,False
BINANCEFTS_PERP_DOGE_USDT,2021-01-07 00:00:00+00:00,0.010468,0.010634,0.008908,0.009767,5072262793.0,163511.0,False,False,False,True,False,False,False,True,False,False,False
BINANCEFTS_PERP_DOGE_USDT,2021-01-08 00:00:00+00:00,0.009775,0.010353,0.008767,0.009755,4745569525.0,168931.0,False,False,False,False,True,False,False,True,False,False,False
BINANCEFTS_PERP_DOGE_USDT,2021-01-09 00:00:00+00:00,0.009758,0.010809,0.00966,0.010202,4922822551.0,164825.0,False,False,False,False,False,True,False,True,False,False,False
BINANCEFTS_PERP_DOGE_USDT,2021-01-10 00:00:00+00:00,0.010205,0.010981,0.009,0.009841,5116967631.0,163410.0,False,False,False,False,False,False,True,True,False,False,False
BINANCEFTS_PERP_DOGE_USDT,2021-01-11 00:00:00+00:00,0.009842,0.00989,0.00666,0.008801,8037098845.0,247788.0,True,False,False,False,False,False,False,True,False,False,False
BINANCEFTS_PERP_DOGE_USDT,2021-01-12 00:00:00+00:00,0.0088,0.009154,0.007825,0.008067,3816093963.0,132306.0,False,True,False,False,False,False,False,True,False,False,False
BINANCEFTS_PERP_DOGE_USDT,2021-01-13 00:00:00+00:00,0.008063,0.008686,0.007729,0.008675,2595745235.0,96048.0,False,False,True,False,False,False,False,True,False,False,False
BINANCEFTS_PERP_DOGE_USDT,2021-01-14 00:00:00+00:00,0.008671,0.010109,0.008328,0.009419,5379574575.0,151501.0,False,False,False,True,False,False,False,True,False,False,False
BINANCEFTS_PERP_DOGE_USDT,2021-01-15 00:00:00+00:00,0.009421,0.009899,0.008308,0.00937,4811000772.0,161624.0,False,False,False,False,True,False,False,True,False,False,False
BINANCEFTS_PERP_DOGE_USDT,2021-01-16 00:00:00+00:00,0.00937,0.0096,0.009069,0.009245,2330401038.0,95547.0,False,False,False,False,False,True,False,True,False,False,False
BINANCEFTS_PERP_DOGE_USDT,2021-01-17 00:00:00+00:00,0.009241,0.009438,0.008764,0.00912,2475254242.0,98591.0,False,False,False,False,False,False,True,True,False,False,False
BINANCEFTS_PERP_DOGE_USDT,2021-01-18 00:00:00+00:00,0.009116,0.009366,0.00893,0.009197,1877829693.0,73393.0,True,False,False,False,False,False,False,True,False,False,False
BINANCEFTS_PERP_DOGE_USDT,2021-01-19 00:00:00+00:00,0.009196,0.009688,0.008926,0.009048,8042556084.0,262197.0,False,True,False,False,False,False,False,True,False,False,False
BINANCEFTS_PERP_DOGE_USDT,2021-01-20 00:00:00+00:00,0.009055,0.009179,0.008501,0.00907,2147914094.0,86283.0,False,False,True,False,False,False,False,True,False,False,False
BINANCEFTS_PERP_DOGE_USDT,2021-01-21 00:00:00+00:00,0.009079,0.009124,0.008,0.008148,2241925996.0,92884.0,False,False,False,True,False,False,False,True,False,False,False
BINANCEFTS_PERP_DOGE_USDT,2021-01-22 00:00:00+00:00,0.008149,0.008765,0.007527,0.00852,2396122981.0,78423.0,False,False,False,False,True,False,False,True,False,False,False
BINANCEFTS_PERP_DOGE_USDT,2021-01-23 00:00:00+00:00,0.008511,0.00881,0.008351,0.008586,1547384028.0,56664.0,False,False,False,False,False,True,False,True,False,False,False
BINANCEFTS_PERP_DOGE_USDT,2021-01-24 00:00:00+00:00,0.008587,0.008982,0.008485,0.008724,1714852689.0,56890.0,False,False,False,False,False,False,True,True,False,False,False
BINANCEFTS_PERP_DOGE_USDT,2021-01-25 00:00:00+00:00,0.008722,0.008901,0.008178,0.008355,1784604947.0,56845.0,True,False,False,False,False,False,False,True,False,False,False
BINANCEFTS_PERP_DOGE_USDT,2021-01-26 00:00:00+00:00,0.008354,0.008472,0.007933,0.008234,1353054515.0,48872.0,False,True,False,False,False,False,False,True,False,False,False
BINANCEFTS_PERP_DOGE_USDT,2021-01-27 00:00:00+00:00,0.008228,0.008237,0.007235,0.007416,2291399287.0,60914.0,False,False,True,False,False,False,False,True,False,False,False
BINANCEFTS_PERP_DOGE_USDT,2021-01-28 00:00:00+00:00,0.007414,0.038,0.00727,0.036324,171184215324.0,3231644.0,False,False,False,True,False,False,False,True,False,False,False
BINANCEFTS_PERP_DOGE_USDT,2021-01-29 00:00:00+00:00,0.036367,0.0887,0.0315,0.045883,118303297172.0,9281149.0,False,False,False,False,True,False,False,True,False,False,False
BINANCEFTS_PERP_DOGE_USDT,2021-01-30 00:00:00+00:00,0.045873,0.050646,0.022147,0.02799,62852222240.0,4903127.0,False,False,False,False,False,True,False,True,False,False,False
BINANCEFTS_PERP_DOGE_USDT,2021-01-31 00:00:00+00:00,0.027989,0.047891,0.026516,0.036885,83630179154.0,6545960.0,False,False,False,False,False,False,True,True,False,False,False
BINANCEFTS_PERP_DOGE_USDT,2021-02-01 00:00:00+00:00,0.036868,0.043949,0.03265,0.034835,22740530552.0,2069236.0,True,False,False,False,False,False,False,True,False,False,False
BINANCEFTS_PERP_DOGE_USDT,2021-02-02 00:00:00+00:00,0.034837,0.035382,0.028768,0.031357,11457707755.0,961650.0,False,True,False,False,False,False,False,True,False,False,False
BINANCEFTS_PERP_DOGE_USDT,2021-02-03 00:00:00+00:00,0.031366,0.039878,0.031065,0.03736,12354356352.0,977400.0,False,False,True,False,False,False,False,True,False,False,False
BINANCEFTS_PERP_DOGE_USDT,2021-02-04 00:00:00+00:00,0.03736,0.061316,0.035955,0.047205,40051078854.0,3290020.0,False,False,False,True,False,False,False,True,False,False,False
BINANCEFTS_PERP_DOGE_USDT,2021-02-05 00:00:00+00:00,0.052781,0.054279,0.0432,0.04683,15972015450.0,1581049.0,False,False,False,False,True,False,False,True,False,False,False
BINANCEFTS_PERP_DOGE_USDT,2021-02-06 00:00:00+00:00,0.046857,0.051803,0.043959,0.049659,6769760122.0,659344.0,False,False,False,False,False,True,False,True,False,False,False
BINANCEFTS_PERP_DOGE_USDT,2021-02-07 00:00:00+00:00,0.057716,0.08781,0.05274,0.07803,39258138951.0,3954538.0,False,False,False,False,False,False,True,True,False,False,False
BINANCEFTS_PERP_DOGE_USDT,2021-02-08 00:00:00+00:00,0.07803,0.086134,0.063154,0.079054,28236410424.0,3510092.0,True,False,False,False,False,False,False,True,False,False,False
BINANCEFTS_PERP_DOGE_USDT,2021-02-09 00:00:00+00:00,0.079053,0.084614,0.063647,0.070186,16794962218.0,2018608.0,False,True,False,False,False,False,False,True,False,False,False
BINANCEFTS_PERP_DOGE_USDT,2021-02-10 00:00:00+00:00,0.070194,0.082722,0.065,0.072645,14039059295.0,2065081.0,False,False,True,False,False,False,False,True,False,False,False
BINANCEFTS_PERP_DOGE_USDT,2021-02-11 00:00:00+00:00,0.072645,0.0759,0.068133,0.069763,6060838606.0,747403.0,False,False,False,True,False,False,False,True,False,False,False
BINANCEFTS_PERP_DOGE_USDT,2021-02-12 00:00:00+00:00,0.06974,0.073498,0.061374,0.069928,7224823899.0,912937.0,False,False,False,False,True,False,False,True,False,False,False
BINANCEFTS_PERP_DOGE_USDT,2021-02-13 00:00:00+00:00,0.069935,0.072183,0.065748,0.066373,3817971230.0,533283.0,False,False,False,False,False,True,False,True,False,False,False
BINANCEFTS_PERP_DOGE_USDT,2021-02-14 00:00:00+00:00,0.066363,0.066764,0.0556,0.062711,9205731612.0,1083728.0,False,False,False,False,False,False,True,True,False,False,False
BINANCEFTS_PERP_DOGE_USDT,2021-02-15 00:00:00+00:00,0.062711,0.0644,0.046005,0.056511,12758593350.0,1388328.0,True,False,False,False,False,False,False,True,False,False,False
BINANCEFTS_PERP_DOGE_USDT,2021-02-16 00:00:00+00:00,0.056514,0.059981,0.050653,0.053591,6549110308.0,826522.0,False,True,False,False,False,False,False,True,False,False,False
BINANCEFTS_PERP_DOGE_USDT,2021-02-17 00:00:00+00:00,0.053598,0.05528,0.047825,0.049527,10430202670.0,1174742.0,False,False,True,False,False,False,False,True,False,False,False
BINANCEFTS_PERP_DOGE_USDT,2021-02-18 00:00:00+00:00,0.049527,0.064735,0.049046,0.058838,12738870131.0,1205644.0,False,False,False,True,False,False,False,True,False,False,False
BINANCEFTS_PERP_DOGE_USDT,2021-02-19 00:00:00+00:00,0.058828,0.059839,0.054,0.05519,5525192213.0,585182.0,False,False,False,False,True,False,False,True,False,False,False
BINANCEFTS_PERP_DOGE_USDT,2021-02-20 00:00:00+00:00,0.055172,0.061578,0.050264,0.054153,7603284797.0,775939.0,False,False,False,False,False,True,False,True,False,False,False
BINANCEFTS_PERP_DOGE_USDT,2021-02-21 00:00:00+00:00,0.054154,0.05985,0.05325,0.056063,5256189523.0,533681.0,False,False,False,False,False,False,True,True,False,False,False
BINANCEFTS_PERP_DOGE_USDT,2021-02-22 00:00:00+00:00,0.05609,0.061123,0.045,0.053657,7875401899.0,838534.0,True,False,False,False,False,False,False,True,False,False,False
BINANCEFTS_PERP_DOGE_USDT,2021-02-23 00:00:00+00:00,0.053635,0.053913,0.04139,0.04768,6429794060.0,762069.0,False,True,False,False,False,False,False,True,False,False,False
BINANCEFTS_PERP_DOGE_USDT,2021-02-24 00:00:00+00:00,0.04768,0.060384,0.045925,0.056731,9787024708.0,935961.0,False,False,True,False,False,False,False,True,False,False,False
BINANCEFTS_PERP_DOGE_USDT,2021-02-25 00:00:00+00:00,0.056747,0.058097,0.049294,0.049879,9458553276.0,902396.0,False,False,False,True,False,False,False,True,False,False,False
BINANCEFTS_PERP_DOGE_USDT,2021-02-26 00:00:00+00:00,0.04988,0.05255,0.048416,0.050426,3493416615.0,357767.0,False,False,False,False,True,False,False,True,False,False,False
BINANCEFTS_PERP_DOGE_USDT,2021-02-27 00:00:00+00:00,0.050444,0.052263,0.049067,0.050115,2262252639.0,203478.0,False,False,False,False,False,True,False,True,False,False,False
BINANCEFTS_PERP_DOGE_USDT,2021-02-28 00:00:00+00:00,0.050099,0.050286,0.0446,0.048171,2600455626.0,260897.0,False,False,False,False,False,False,True,True,False,False,False
BINANCEFTS_PERP_DOGE_USDT,2021-03-01 00:00:00+00:00,0.048147,0.052958,0.047883,0.050613,2657735387.0,236956.0,True,False,False,False,False,False,False,False,True,False,False
BINANCEFTS_PERP_DOGE_USDT,2021-03-02 00:00:00+00:00,0.050615,0.052463,0.049104,0.050227,1909125184.0,184918.0,False,True,False,False,False,False,False,False,True,False,False
BINANCEFTS_PERP_DOGE_USDT,2021-03-03 00:00:00+00:00,0.050225,0.052298,0.049778,0.050425,1764127924.0,173687.0,False,False,True,False,False,False,False,False,True,False,False
BINANCEFTS_PERP_DOGE_USDT,2021-03-04 00:00:00+00:00,0.050429,0.051227,0.04752,0.049999,1800644009.0,178972.0,False,False,False,True,False,False,False,False,True,False,False
BINANCEFTS_PERP_DOGE_USDT,2021-03-05 00:00:00+00:00,0.049999,0.051122,0.048,0.04953,1708055244.0,177331.0,False,False,False,False,True,False,False,False,True,False,False
BINANCEFTS_PERP_DOGE_USDT,2021-03-06 00:00:00+00:00,0.049524,0.052759,0.049037,0.05093,2964704101.0,259450.0,False,False,False,False,False,True,False,False,True,False,False
BINANCEFTS_PERP_DOGE_USDT,2021-03-07 00:00:00+00:00,0.050949,0.052735,0.0504,0.052056,1432549398.0,133000.0,False,False,False,False,False,False,True,False,True,False,False
BINANCEFTS_PERP_DOGE_USDT,2021-03-08 00:00:00+00:00,0.05208,0.06324,0.05165,0.063076,6914041457.0,645590.0,True,False,False,False,False,False,False,False,True,False,False
BINANCEFTS_PERP_DOGE_USDT,2021-03-09 00:00:00+00:00,0.063041,0.06317,0.05604,0.058013,6737857718.0,685336.0,False,True,False,False,False,False,False,False,True,False,False
BINANCEFTS_PERP_DOGE_USDT,2021-03-10 00:00:00+00:00,0.058013,0.058889,0.054396,0.055951,4553904696.0,496712.0,False,False,True,False,False,False,False,False,True,False,False
BINANCEFTS_PERP_DOGE_USDT,2021-03-11 00:00:00+00:00,0.05594,0.057093,0.054328,0.056056,1771955457.0,182729.0,False,False,False,True,False,False,False,False,True,False,False
BINANCEFTS_PERP_DOGE_USDT,2021-03-12 00:00:00+00:00,0.056051,0.057162,0.054103,0.055367,3271861210.0,351674.0,False,False,False,False,True,False,False,False,True,False,False
BINANCEFTS_PERP_DOGE_USDT,2021-03-13 00:00:00+00:00,0.055363,0.063079,0.054768,0.062816,3601684088.0,345783.0,False,False,False,False,False,True,False,False,True,False,False
BINANCEFTS_PERP_DOGE_USDT,2021-03-14 00:00:00+00:00,0.062822,0.064,0.058168,0.058168,4508165067.0,491894.0,False,False,False,False,False,False,True,False,True,False,False
BINANCEFTS_PERP_DOGE_USDT,2021-03-15 00:00:00+00:00,0.058168,0.059973,0.054975,0.05708,2566064337.0,280979.0,True,False,False,False,False,False,False,False,True,False,False
BINANCEFTS_PERP_DOGE_USDT,2021-03-16 00:00:00+00:00,0.057047,0.059211,0.05535,0.058765,1823929934.0,220830.0,False,True,False,False,False,False,False,False,True,False,False
BINANCEFTS_PERP_DOGE_USDT,2021-03-17 00:00:00+00:00,0.058766,0.059111,0.056585,0.05799,1142594487.0,134787.0,False,False,True,False,False,False,False,False,True,False,False
BINANCEFTS_PERP_DOGE_USDT,2021-03-18 00:00:00+00:00,0.058003,0.059443,0.05703,0.057427,1424752061.0,149694.0,False,False,False,True,False,False,False,False,True,False,False
BINANCEFTS_PERP_DOGE_USDT,2021-03-19 00:00:00+00:00,0.058003,0.059443,0.05703,0.057427,1424752061.0,149694.0,False,False,False,False,True,False,False,False,True,False,False
BINANCEFTS_PERP_DOGE_USDT,2021-03-20 00:00:00+00:00,0.058343,0.060729,0.058045,0.058961,1771803146.0,179991.0,False,False,False,False,False,True,False,False,True,False,False
BINANCEFTS_PERP_DOGE_USDT,2021-03-21 00:00:00+00:00,0.058343,0.060729,0.058045,0.058961,1771803146.0,179991.0,False,False,False,False,False,False,True,False,True,False,False
BINANCEFTS_PERP_DOGE_USDT,2021-03-22 00:00:00+00:00,0.05758,0.058079,0.05431,0.054912,1385118576.0,149297.0,True,False,False,False,False,False,False,False,True,False,False
BINANCEFTS_PERP_DOGE_USDT,2021-03-23 00:00:00+00:00,0.054919,0.056203,0.052489,0.053431,1578771408.0,171816.0,False,True,False,False,False,False,False,False,True,False,False
BINANCEFTS_PERP_DOGE_USDT,2021-03-24 00:00:00+00:00,0.054919,0.056203,0.052489,0.053431,1578771408.0,171816.0,False,False,True,False,False,False,False,False,True,False,False
BINANCEFTS_PERP_DOGE_USDT,2021-03-25 00:00:00+00:00,0.054919,0.056203,0.052489,0.053431,1578771408.0,171816.0,False,False,False,True,False,False,False,False,True,False,False
BINANCEFTS_PERP_DOGE_USDT,2021-03-26 00:00:00+00:00,0.05131,0.054088,0.05128,0.053992,910230175.0,110751.0,False,False,False,False,True,False,False,False,True,False,False
BINANCEFTS_PERP_DOGE_USDT,2021-03-27 00:00:00+00:00,0.05131,0.054088,0.05128,0.053992,910230175.0,110751.0,False,False,False,False,False,True,False,False,True,False,False
BINANCEFTS_PERP_DOGE_USDT,2021-03-28 00:00:00+00:00,0.054471,0.054983,0.053041,0.053726,1567496614.0,179196.0,False,False,False,False,False,False,True,False,True,False,False
BINANCEFTS_PERP_DOGE_USDT,2021-03-29 00:00:00+00:00,0.053726,0.054772,0.05328,0.054191,941617269.0,97240.0,True,False,False,False,False,False,False,False,True,False,False
BINANCEFTS_PERP_DOGE_USDT,2021-03-30 00:00:00+00:00,0.05418,0.055751,0.053801,0.054096,1479625464.0,139677.0,False,True,False,False,False,False,False,False,True,False,False
BINANCEFTS_PERP_DOGE_USDT,2021-03-31 00:00:00+00:00,0.054107,0.054633,0.051495,0.053814,1314302348.0,151063.0,False,False,True,False,False,False,False,False,True,False,False
BINANCEFTS_PERP_DOGE_USDT,2021-04-01 00:00:00+00:00,0.053828,0.07045,0.053716,0.062151,20004312675.0,1525407.0,False,False,False,True,False,False,False,False,True,False,False
BINANCEFTS_PERP_DOGE_USDT,2021-04-02 00:00:00+00:00,0.062155,0.062937,0.057322,0.057769,3088848497.0,326164.0,False,False,False,False,True,False,False,False,True,False,False
BINANCEFTS_PERP_DOGE_USDT,2021-04-03 00:00:00+00:00,0.057772,0.059745,0.055539,0.055574,2118809097.0,213417.0,False,False,False,False,False,True,False,False,True,False,False
BINANCEFTS_PERP_DOGE_USDT,2021-04-04 00:00:00+00:00,0.05556,0.058308,0.0551,0.057457,1491604742.0,152767.0,False,False,False,False,False,False,True,False,True,False,False
BINANCEFTS_PERP_DOGE_USDT,2021-04-05 00:00:00+00:00,0.057473,0.060916,0.056309,0.060085,2976420990.0,255136.0,True,False,False,False,False,False,False,False,True,False,False
BINANCEFTS_PERP_DOGE_USDT,2021-04-06 00:00:00+00:00,0.060082,0.065591,0.058023,0.06445,5427015138.0,468582.0,False,True,False,False,False,False,False,False,True,False,False
BINANCEFTS_PERP_DOGE_USDT,2021-04-07 00:00:00+00:00,0.064448,0.067555,0.057037,0.058838,5106092931.0,499737.0,False,False,True,False,False,False,False,False,True,False,False
BINANCEFTS_PERP_DOGE_USDT,2021-04-08 00:00:00+00:00,0.058833,0.062408,0.058694,0.06188,3681014814.0,332288.0,False,False,False,True,False,False,False,False,True,False,False
BINANCEFTS_PERP_DOGE_USDT,2021-04-09 00:00:00+00:00,0.061881,0.064371,0.060594,0.0617,2719276628.0,216345.0,False,False,False,False,True,False,False,False,True,False,False
BINANCEFTS_PERP_DOGE_USDT,2021-04-10 00:00:00+00:00,0.061704,0.065454,0.061078,0.06379,3090900169.0,268223.0,False,False,False,False,False,True,False,False,True,False,False
BINANCEFTS_PERP_DOGE_USDT,2021-04-11 00:00:00+00:00,0.06382,0.080221,0.063541,0.074548,16828611925.0,1567999.0,False,False,False,False,False,False,True,False,True,False,False
BINANCEFTS_PERP_DOGE_USDT,2021-04-12 00:00:00+00:00,0.074551,0.075672,0.068847,0.070802,4483273664.0,478943.0,True,False,False,False,False,False,False,False,True,False,False
BINANCEFTS_PERP_DOGE_USDT,2021-04-13 00:00:00+00:00,0.070801,0.096607,0.070792,0.094752,15820102102.0,1575594.0,False,True,False,False,False,False,False,False,True,False,False
BINANCEFTS_PERP_DOGE_USDT,2021-04-14 00:00:00+00:00,0.094744,0.145678,0.092521,0.121712,45918524194.0,5959311.0,False,False,True,False,False,False,False,False,True,False,False
BINANCEFTS_PERP_DOGE_USDT,2021-04-15 00:00:00+00:00,0.121715,0.191163,0.1201,0.181654,29608648487.0,4492537.0,False,False,False,True,False,False,False,False,True,False,False
BINANCEFTS_PERP_DOGE_USDT,2021-04-16 00:00:00+00:00,0.181646,0.459535,0.178591,0.365462,132995609154.0,37707156.0,False,False,False,False,True,False,False,False,True,False,False
BINANCEFTS_PERP_DOGE_USDT,2021-04-17 00:00:00+00:00,0.365451,0.381853,0.234656,0.282716,29483283794.0,11254154.0,False,False,False,False,False,True,False,False,True,False,False
BINANCEFTS_PERP_DOGE_USDT,2021-04-18 00:00:00+00:00,0.282732,0.352159,0.231307,0.322905,22268025199.0,8296450.0,False,False,False,False,False,False,True,False,True,False,False
BINANCEFTS_PERP_DOGE_USDT,2021-04-19 00:00:00+00:00,0.322945,0.437976,0.308473,0.409251,25093623445.0,9715168.0,True,False,False,False,False,False,False,False,True,False,False
BINANCEFTS_PERP_DOGE_USDT,2021-04-20 00:00:00+00:00,0.409191,0.426976,0.2708,0.317516,26984715738.0,10401206.0,False,True,False,False,False,False,False,False,True,False,False
BINANCEFTS_PERP_DOGE_USDT,2021-04-21 00:00:00+00:00,0.317475,0.346854,0.295935,0.305983,26116151202.0,10773506.0,False,False,True,False,False,False,False,False,True,False,False
BINANCEFTS_PERP_DOGE_USDT,2021-04-22 00:00:00+00:00,0.305982,0.309534,0.252715,0.260918,16036393590.0,5678188.0,False,False,False,True,False,False,False,False,True,False,False
BINANCEFTS_PERP_DOGE_USDT,2021-04-23 00:00:00+00:00,0.260779,0.269667,0.161,0.249846,24934977315.0,7383284.0,False,False,False,False,True,False,False,False,True,False,False
BINANCEFTS_PERP_DOGE_USDT,2021-04-24 00:00:00+00:00,0.249827,0.29,0.227573,0.270031,13388626705.0,4857732.0,False,False,False,False,False,True,False,False,True,False,False
BINANCEFTS_PERP_DOGE_USDT,2021-04-25 00:00:00+00:00,0.270045,0.288744,0.224,0.251418,8794474423.0,3160578.0,False,False,False,False,False,False,True,False,True,False,False
BINANCEFTS_PERP_DOGE_USDT,2021-04-26 00:00:00+00:00,0.251394,0.280951,0.246797,0.271959,5842211518.0,2163358.0,True,False,False,False,False,False,False,False,True,False,False
BINANCEFTS_PERP_DOGE_USDT,2021-04-27 00:00:00+00:00,0.271924,0.28049,0.264522,0.272527,3566424984.0,1248037.0,False,True,False,False,False,False,False,False,True,False,False
BINANCEFTS_PERP_DOGE_USDT,2021-04-28 00:00:00+00:00,0.272541,0.34567,0.255153,0.323484,16073457584.0,5171083.0,False,False,True,False,False,False,False,False,True,False,False
BINANCEFTS_PERP_DOGE_USDT,2021-04-29 00:00:00+00:00,0.323483,0.325,0.295378,0.305181,4554156768.0,1811145.0,False,False,False,True,False,False,False,False,True,False,False
BINANCEFTS_PERP_DOGE_USDT,2021-04-30 00:00:00+00:00,0.3052,0.340487,0.302308,0.337754,8828380360.0,3219792.0,False,False,False,False,True,False,False,False,True,False,False
BINANCEFTS_PERP_DOGE_USDT,2021-05-01 00:00:00+00:00,0.337806,0.3982,0.328041,0.391209,7643462540.0,2850670.0,False,False,False,False,False,True,False,False,True,False,False
BINANCEFTS_PERP_DOGE_USDT,2021-05-02 00:00:00+00:00,0.391282,0.401118,0.360444,0.374584,5795566338.0,2344939.0,False,False,False,False,False,False,True,False,True,False,False
BINANCEFTS_PERP_DOGE_USDT,2021-05-03 00:00:00+00:00,0.374575,0.44979,0.374332,0.441713,7397790455.0,2858499.0,True,False,False,False,False,False,False,False,True,False,False
BINANCEFTS_PERP_DOGE_USDT,2021-05-04 00:00:00+00:00,0.441641,0.613379,0.390692,0.53873,25246266196.0,10384566.0,False,True,False,False,False,False,False,False,True,False,False
BINANCEFTS_PERP_DOGE_USDT,2021-05-05 00:00:00+00:00,0.538729,0.697237,0.527432,0.654868,21702322279.0,11039151.0,False,False,True,False,False,False,False,False,True,False,False
BINANCEFTS_PERP_DOGE_USDT,2021-05-06 00:00:00+00:00,0.654821,0.667527,0.541234,0.581771,9442040958.0,5617945.0,False,False,False,True,False,False,False,False,True,False,False
BINANCEFTS_PERP_DOGE_USDT,2021-05-07 00:00:00+00:00,0.58179,0.735,0.518629,0.691522,13720240480.0,7998998.0,False,False,False,False,True,False,False,False,True,False,False
BINANCEFTS_PERP_DOGE_USDT,2021-05-08 00:00:00+00:00,0.691311,0.744178,0.6,0.637855,13752152117.0,8003873.0,False,False,False,False,False,True,False,False,True,False,False
BINANCEFTS_PERP_DOGE_USDT,2021-05-09 00:00:00+00:00,0.637878,0.703155,0.423,0.570961,31017611676.0,14879419.0,False,False,False,False,False,False,True,False,True,False,False
BINANCEFTS_PERP_DOGE_USDT,2021-05-10 00:00:00+00:00,0.570871,0.572255,0.417818,0.450736,12040317904.0,6162260.0,True,False,False,False,False,False,False,False,True,False,False
BINANCEFTS_PERP_DOGE_USDT,2021-05-11 00:00:00+00:00,0.450793,0.5475,0.4427,0.49374,9013422243.0,3904038.0,False,True,False,False,False,False,False,False,True,False,False
BINANCEFTS_PERP_DOGE_USDT,2021-05-12 00:00:00+00:00,0.49374,0.52334,0.3771,0.39081,6236429635.0,2418055.0,False,False,True,False,False,False,False,False,True,False,False
BINANCEFTS_PERP_DOGE_USDT,2021-05-13 00:00:00+00:00,0.39082,0.5197,0.348553,0.48959,12722290290.0,4841281.0,False,False,False,True,False,False,False,False,True,False,False
BINANCEFTS_PERP_DOGE_USDT,2021-05-14 00:00:00+00:00,0.4895,0.59092,0.464,0.55993,10763186397.0,4320996.0,False,False,False,False,True,False,False,False,True,False,False
BINANCEFTS_PERP_DOGE_USDT,2021-05-15 00:00:00+00:00,0.55993,0.56418,0.49,0.50849,5254499243.0,2197136.0,False,False,False,False,False,True,False,False,True,False,False
BINANCEFTS_PERP_DOGE_USDT,2021-05-16 00:00:00+00:00,0.50841,0.55,0.44938,0.51351,4924352184.0,2030616.0,False,False,False,False,False,False,True,False,True,False,False
BINANCEFTS_PERP_DOGE_USDT,2021-05-17 00:00:00+00:00,0.5134,0.51636,0.4559,0.48789,4188570522.0,1781243.0,True,False,False,False,False,False,False,False,True,False,False
BINANCEFTS_PERP_DOGE_USDT,2021-05-18 00:00:00+00:00,0.48786,0.51594,0.46859,0.47601,2859979681.0,1081097.0,False,True,False,False,False,False,False,False,True,False,False
BINANCEFTS_PERP_DOGE_USDT,2021-05-19 00:00:00+00:00,0.4761,0.47968,0.1958,0.32949,9827005300.0,3766261.0,False,False,True,False,False,False,False,False,True,False,False
BINANCEFTS_PERP_DOGE_USDT,2021-05-20 00:00:00+00:00,0.32946,0.43502,0.29406,0.39736,9913106517.0,3359590.0,False,False,False,True,False,False,False,False,True,False,False
BINANCEFTS_PERP_DOGE_USDT,2021-05-21 00:00:00+00:00,0.39735,0.41193,0.31287,0.35774,6078364750.0,2188284.0,False,False,False,False,True,False,False,False,True,False,False
BINANCEFTS_PERP_DOGE_USDT,2021-05-22 00:00:00+00:00,0.35757,0.364,0.31628,0.342,5005792621.0,1525049.0,False,False,False,False,False,True,False,False,True,False,False
BINANCEFTS_PERP_DOGE_USDT,2021-05-23 00:00:00+00:00,0.34198,0.35079,0.24691,0.3062,7612019185.0,2232253.0,False,False,False,False,False,False,True,False,True,False,False
BINANCEFTS_PERP_DOGE_USDT,2021-05-24 00:00:00+00:00,0.30618,0.37681,0.29482,0.36535,6437179907.0,1761019.0,True,False,False,False,False,False,False,False,True,False,False
BINANCEFTS_PERP_DOGE_USDT,2021-05-25 00:00:00+00:00,0.36549,0.3799,0.3214,0.34578,4828770376.0,1355870.0,False,True,False,False,False,False,False,False,True,False,False
BINANCEFTS_PERP_DOGE_USDT,2021-05-26 00:00:00+00:00,0.34578,0.36678,0.33592,0.35248,3011413939.0,756318.0,False,False,True,False,False,False,False,False,True,False,False
BINANCEFTS_PERP_DOGE_USDT,2021-05-27 00:00:00+00:00,0.35258,0.3528,0.32642,0.33393,2315606939.0,586677.0,False,False,False,True,False,False,False,False,True,False,False
BINANCEFTS_PERP_DOGE_USDT,2021-05-28 00:00:00+00:00,0.33389,0.34774,0.30016,0.31128,4174240210.0,922719.0,False,False,False,False,True,False,False,False,True,False,False
BINANCEFTS_PERP_DOGE_USDT,2021-05-29 00:00:00+00:00,0.31128,0.31796,0.2791,0.30281,3109840445.0,727403.0,False,False,False,False,False,True,False,False,True,False,False
BINANCEFTS_PERP_DOGE_USDT,2021-05-30 00:00:00+00:00,0.30283,0.3108,0.28645,0.30181,2457362866.0,542135.0,False,False,False,False,False,False,True,False,True,False,False
BINANCEFTS_PERP_DOGE_USDT,2021-05-31 00:00:00+00:00,0.30189,0.33008,0.2937,0.32556,2895288311.0,594505.0,True,False,False,False,False,False,False,False,True,False,False
BINANCEFTS_PERP_DOGE_USDT,2021-06-01 00:00:00+00:00,0.32557,0.38488,0.31114,0.37047,6990575754.0,1469426.0,False,True,False,False,False,False,False,False,False,True,False
BINANCEFTS_PERP_DOGE_USDT,2021-06-02 00:00:00+00:00,0.37044,0.447,0.35115,0.42375,18180388356.0,3538635.0,False,False,True,False,False,False,False,False,False,True,False
BINANCEFTS_PERP_DOGE_USDT,2021-06-03 00:00:00+00:00,0.42373,0.44203,0.3771,0.40083,11541040324.0,2250700.0,False,False,False,True,False,False,False,False,False,True,False
BINANCEFTS_PERP_DOGE_USDT,2021-06-04 00:00:00+00:00,0.40083,0.40256,0.35,0.37621,10170112697.0,1918843.0,False,False,False,False,True,False,False,False,False,True,False
BINANCEFTS_PERP_DOGE_USDT,2021-06-05 00:00:00+00:00,0.37625,0.39504,0.35946,0.37113,6037298565.0,1137022.0,False,False,False,False,False,True,False,False,False,True,False
BINANCEFTS_PERP_DOGE_USDT,2021-06-06 00:00:00+00:00,0.37113,0.3769,0.36636,0.37146,2600117074.0,472130.0,False,False,False,False,False,False,True,False,False,True,False
BINANCEFTS_PERP_DOGE_USDT,2021-06-07 00:00:00+00:00,0.37146,0.38,0.32707,0.33133,4371494872.0,742538.0,True,False,False,False,False,False,False,False,False,True,False
BINANCEFTS_PERP_DOGE_USDT,2021-06-08 00:00:00+00:00,0.33133,0.34136,0.295,0.32572,6926425027.0,1169220.0,False,True,False,False,False,False,False,False,False,True,False
BINANCEFTS_PERP_DOGE_USDT,2021-06-09 00:00:00+00:00,0.32572,0.355,0.31202,0.34321,5366441365.0,954113.0,False,False,True,False,False,False,False,False,False,True,False
BINANCEFTS_PERP_DOGE_USDT,2021-06-10 00:00:00+00:00,0.34323,0.345,0.32234,0.32619,3336765241.0,630862.0,False,False,False,True,False,False,False,False,False,True,False
BINANCEFTS_PERP_DOGE_USDT,2021-06-11 00:00:00+00:00,0.3262,0.33351,0.31046,0.31865,2866390939.0,513000.0,False,False,False,False,True,False,False,False,False,True,False
BINANCEFTS_PERP_DOGE_USDT,2021-06-12 00:00:00+00:00,0.31866,0.31928,0.30002,0.3121,2932738443.0,523676.0,False,False,False,False,False,True,False,False,False,True,False
BINANCEFTS_PERP_DOGE_USDT,2021-06-13 00:00:00+00:00,0.31208,0.33023,0.3073,0.32401,2137832616.0,373510.0,False,False,False,False,False,False,True,False,False,True,False
BINANCEFTS_PERP_DOGE_USDT,2021-06-14 00:00:00+00:00,0.32396,0.33796,0.31979,0.32769,2390313773.0,447218.0,True,False,False,False,False,False,False,False,False,True,False
BINANCEFTS_PERP_DOGE_USDT,2021-06-15 00:00:00+00:00,0.3277,0.3306,0.31623,0.32021,1862673503.0,338337.0,False,True,False,False,False,False,False,False,False,True,False
BINANCEFTS_PERP_DOGE_USDT,2021-06-16 00:00:00+00:00,0.32021,0.32148,0.30491,0.3079,1863007003.0,330474.0,False,False,True,False,False,False,False,False,False,True,False
BINANCEFTS_PERP_DOGE_USDT,2021-06-17 00:00:00+00:00,0.30786,0.31417,0.3026,0.30629,1415115785.0,245129.0,False,False,False,True,False,False,False,False,False,True,False
BINANCEFTS_PERP_DOGE_USDT,2021-06-18 00:00:00+00:00,0.30629,0.30774,0.27943,0.29319,2679105264.0,437623.0,False,False,False,False,True,False,False,False,False,True,False
BINANCEFTS_PERP_DOGE_USDT,2021-06-19 00:00:00+00:00,0.29315,0.29797,0.28552,0.28561,1610372801.0,285957.0,False,False,False,False,False,True,False,False,False,True,False
BINANCEFTS_PERP_DOGE_USDT,2021-06-20 00:00:00+00:00,0.28559,0.28959,0.25488,0.28021,3493201957.0,604234.0,False,False,False,False,False,False,True,False,False,True,False
BINANCEFTS_PERP_DOGE_USDT,2021-06-21 00:00:00+00:00,0.28022,0.28105,0.165,0.17835,16150641717.0,2341609.0,True,False,False,False,False,False,False,False,False,True,False
BINANCEFTS_PERP_DOGE_USDT,2021-06-22 00:00:00+00:00,0.17832,0.2165,0.16275,0.19061,23802939366.0,2907887.0,False,True,False,False,False,False,False,False,False,True,False
BINANCEFTS_PERP_DOGE_USDT,2021-06-23 00:00:00+00:00,0.19068,0.24846,0.18,0.23472,15240725656.0,1980982.0,False,False,True,False,False,False,False,False,False,True,False
BINANCEFTS_PERP_DOGE_USDT,2021-06-24 00:00:00+00:00,0.23474,0.269,0.22162,0.26346,10464089653.0,1353425.0,False,False,False,True,False,False,False,False,False,True,False
BINANCEFTS_PERP_DOGE_USDT,2021-06-25 00:00:00+00:00,0.26351,0.28941,0.22867,0.23728,18154828895.0,2393122.0,False,False,False,False,True,False,False,False,False,True,False
BINANCEFTS_PERP_DOGE_USDT,2021-06-26 00:00:00+00:00,0.23722,0.25532,0.23057,0.2458,9464629966.0,1215440.0,False,False,False,False,False,True,False,False,False,True,False
BINANCEFTS_PERP_DOGE_USDT,2021-06-27 00:00:00+00:00,0.24578,0.26756,0.24005,0.26462,6091196353.0,761492.0,False,False,False,False,False,False,True,False,False,True,False
BINANCEFTS_PERP_DOGE_USDT,2021-06-28 00:00:00+00:00,0.26463,0.26722,0.25,0.25681,4799313596.0,625362.0,True,False,False,False,False,False,False,False,False,True,False
BINANCEFTS_PERP_DOGE_USDT,2021-06-29 00:00:00+00:00,0.25681,0.27576,0.25201,0.26339,5097312463.0,625969.0,False,True,False,False,False,False,False,False,False,True,False
BINANCEFTS_PERP_DOGE_USDT,2021-06-30 00:00:00+00:00,0.2634,0.2639,0.23741,0.25379,4843112524.0,609611.0,False,False,True,False,False,False,False,False,False,True,False
BINANCEFTS_PERP_DOGE_USDT,2021-07-01 00:00:00+00:00,0.25376,0.2749,0.23784,0.24369,6905777785.0,972279.0,False,False,False,True,False,False,False,False,False,True,False
BINANCEFTS_PERP_DOGE_USDT,2021-07-02 00:00:00+00:00,0.24369,0.2493,0.23827,0.24501,3281539658.0,436543.0,False,False,False,False,True,False,False,False,False,True,False
BINANCEFTS_PERP_DOGE_USDT,2021-07-03 00:00:00+00:00,0.24501,0.25048,0.242,0.24624,2051188804.0,251032.0,False,False,False,False,False,True,False,False,False,True,False
BINANCEFTS_PERP_DOGE_USDT,2021-07-04 00:00:00+00:00,0.24626,0.25325,0.2432,0.24634,2077071163.0,245415.0,False,False,False,False,False,False,True,False,False,True,False
BINANCEFTS_PERP_DOGE_USDT,2021-07-05 00:00:00+00:00,0.24635,0.24635,0.22509,0.23089,3258935926.0,385059.0,True,False,False,False,False,False,False,False,False,True,False
BINANCEFTS_PERP_DOGE_USDT,2021-07-06 00:00:00+00:00,0.23089,0.242,0.22912,0.23408,2666576190.0,348965.0,False,True,False,False,False,False,False,False,False,True,False
BINANCEFTS_PERP_DOGE_USDT,2021-07-07 00:00:00+00:00,0.23409,0.23867,0.22043,0.22374,2051755760.0,257021.0,False,False,True,False,False,False,False,False,False,True,False
BINANCEFTS_PERP_DOGE_USDT,2021-07-08 00:00:00+00:00,0.22378,0.22468,0.20118,0.20694,3634029566.0,443373.0,False,False,False,True,False,False,False,False,False,True,False
BINANCEFTS_PERP_DOGE_USDT,2021-07-09 00:00:00+00:00,0.20694,0.2295,0.195,0.21956,8011593837.0,916678.0,False,False,False,False,True,False,False,False,False,True,False
BINANCEFTS_PERP_DOGE_USDT,2021-07-10 00:00:00+00:00,0.21956,0.22817,0.20955,0.21373,2929109990.0,347633.0,False,False,False,False,False,True,False,False,False,True,False
BINANCEFTS_PERP_DOGE_USDT,2021-07-11 00:00:00+00:00,0.21374,0.21927,0.21052,0.216,1736919229.0,217238.0,False,False,False,False,False,False,True,False,False,True,False
BINANCEFTS_PERP_DOGE_USDT,2021-07-12 00:00:00+00:00,0.21599,0.219,0.20377,0.2077,2445683772.0,288723.0,True,False,False,False,False,False,False,False,False,True,False
BINANCEFTS_PERP_DOGE_USDT,2021-07-13 00:00:00+00:00,0.20766,0.20888,0.1974,0.19991,2379475173.0,291781.0,False,True,False,False,False,False,False,False,False,True,False
BINANCEFTS_PERP_DOGE_USDT,2021-07-14 00:00:00+00:00,0.19992,0.20455,0.18725,0.19759,3612784914.0,430337.0,False,False,True,False,False,False,False,False,False,True,False
BINANCEFTS_PERP_DOGE_USDT,2021-07-15 00:00:00+00:00,0.19757,0.20089,0.18041,0.18532,3075156175.0,349623.0,False,False,False,True,False,False,False,False,False,True,False
BINANCEFTS_PERP_DOGE_USDT,2021-07-16 00:00:00+00:00,0.18531,0.18831,0.17102,0.17193,3930502480.0,403820.0,False,False,False,False,True,False,False,False,False,True,False
BINANCEFTS_PERP_DOGE_USDT,2021-07-17 00:00:00+00:00,0.17188,0.20514,0.16865,0.18739,9246046501.0,912059.0,False,False,False,False,False,True,False,False,False,True,False
BINANCEFTS_PERP_DOGE_USDT,2021-07-18 00:00:00+00:00,0.18742,0.196,0.18004,0.18144,5454602398.0,579646.0,False,False,False,False,False,False,True,False,False,True,False
BINANCEFTS_PERP_DOGE_USDT,2021-07-19 00:00:00+00:00,0.18144,0.18427,0.17029,0.17357,4307078433.0,421611.0,True,False,False,False,False,False,False,False,False,True,False
BINANCEFTS_PERP_DOGE_USDT,2021-07-20 00:00:00+00:00,0.17357,0.17995,0.15933,0.17037,7788974955.0,735385.0,False,True,False,False,False,False,False,False,False,True,False
BINANCEFTS_PERP_DOGE_USDT,2021-07-21 00:00:00+00:00,0.17037,0.21437,0.16822,0.19039,17467065308.0,1646039.0,False,False,True,False,False,False,False,False,False,True,False
BINANCEFTS_PERP_DOGE_USDT,2021-07-22 00:00:00+00:00,0.19043,0.19648,0.18621,0.19119,5488882707.0,590137.0,False,False,False,True,False,False,False,False,False,True,False
BINANCEFTS_PERP_DOGE_USDT,2021-07-23 00:00:00+00:00,0.1912,0.19979,0.1828,0.19491,4460520562.0,460892.0,False,False,False,False,True,False,False,False,False,True,False
BINANCEFTS_PERP_DOGE_USDT,2021-07-24 00:00:00+00:00,0.19493,0.20447,0.19114,0.19687,4150318713.0,437765.0,False,False,False,False,False,True,False,False,False,True,False
BINANCEFTS_PERP_DOGE_USDT,2021-07-25 00:00:00+00:00,0.19688,0.20083,0.1909,0.19792,3448081905.0,383868.0,False,False,False,False,False,False,True,False,False,True,False
BINANCEFTS_PERP_DOGE_USDT,2021-07-26 00:00:00+00:00,0.19789,0.23329,0.19676,0.20371,11040454039.0,1235754.0,True,False,False,False,False,False,False,False,False,True,False
BINANCEFTS_PERP_DOGE_USDT,2021-07-27 00:00:00+00:00,0.2037,0.2095,0.195,0.20574,4531119515.0,508445.0,False,True,False,False,False,False,False,False,False,True,False
BINANCEFTS_PERP_DOGE_USDT,2021-07-28 00:00:00+00:00,0.20574,0.21388,0.20154,0.20571,4011468656.0,459709.0,False,False,True,False,False,False,False,False,False,True,False
BINANCEFTS_PERP_DOGE_USDT,2021-07-29 00:00:00+00:00,0.2057,0.20667,0.2003,0.20499,2120449651.0,249276.0,False,False,False,True,False,False,False,False,False,True,False
BINANCEFTS_PERP_DOGE_USDT,2021-07-30 00:00:00+00:00,0.2057,0.20667,0.2003,0.20499,2120449651.0,249276.0,False,False,False,False,True,False,False,False,False,True,False
BINANCEFTS_PERP_DOGE_USDT,2021-07-31 00:00:00+00:00,0.20877,0.21465,0.20478,0.20771,2802676960.0,299896.0,False,False,False,False,False,True,False,False,False,True,False
BINANCEFTS_PERP_DOGE_USDT,2021-08-01 00:00:00+00:00,0.20771,0.218,0.20032,0.20409,3757863524.0,386529.0,False,False,False,False,False,False,True,False,False,True,False
BINANCEFTS_PERP_DOGE_USDT,2021-08-02 00:00:00+00:00,0.20412,0.21,0.20164,0.20335,2063079844.0,249496.0,True,False,False,False,False,False,False,False,False,True,False
BINANCEFTS_PERP_DOGE_USDT,2021-08-03 00:00:00+00:00,0.20335,0.20521,0.19311,0.19631,2426008063.0,297211.0,False,True,False,False,False,False,False,False,False,True,False
BINANCEFTS_PERP_DOGE_USDT,2021-08-04 00:00:00+00:00,0.19629,0.2034,0.19422,0.20161,2089904052.0,259168.0,False,False,True,False,False,False,False,False,False,True,False
BINANCEFTS_PERP_DOGE_USDT,2021-08-05 00:00:00+00:00,0.20161,0.2026,0.19441,0.20108,2257756279.0,262481.0,False,False,False,True,False,False,False,False,False,True,False
BINANCEFTS_PERP_DOGE_USDT,2021-08-06 00:00:00+00:00,0.20108,0.21225,0.19851,0.20499,2696144941.0,301071.0,False,False,False,False,True,False,False,False,False,True,False
BINANCEFTS_PERP_DOGE_USDT,2021-08-07 00:00:00+00:00,0.20499,0.26333,0.20367,0.26194,13677146716.0,1432754.0,False,False,False,False,False,True,False,False,False,True,False
BINANCEFTS_PERP_DOGE_USDT,2021-08-08 00:00:00+00:00,0.26195,0.28489,0.23504,0.24008,25071075005.0,2945044.0,False,False,False,False,False,False,True,False,False,True,False
BINANCEFTS_PERP_DOGE_USDT,2021-08-09 00:00:00+00:00,0.24005,0.26671,0.2306,0.25614,11524993352.0,1238322.0,True,False,False,False,False,False,False,False,False,True,False
BINANCEFTS_PERP_DOGE_USDT,2021-08-10 00:00:00+00:00,0.25618,0.2638,0.24528,0.25769,7332485913.0,862800.0,False,True,False,False,False,False,False,False,False,True,False
BINANCEFTS_PERP_DOGE_USDT,2021-08-11 00:00:00+00:00,0.25767,0.2835,0.25647,0.26455,9737491194.0,1124059.0,False,False,True,False,False,False,False,False,False,True,False
BINANCEFTS_PERP_DOGE_USDT,2021-08-12 00:00:00+00:00,0.26456,0.2955,0.25171,0.26427,10589564766.0,1248225.0,False,False,False,True,False,False,False,False,False,True,False
BINANCEFTS_PERP_DOGE_USDT,2021-08-13 00:00:00+00:00,0.26429,0.28793,0.2617,0.2869,6355721317.0,753750.0,False,False,False,False,True,False,False,False,False,True,False
BINANCEFTS_PERP_DOGE_USDT,2021-08-14 00:00:00+00:00,0.28689,0.29936,0.27586,0.29446,8231893860.0,1024387.0,False,False,False,False,False,True,False,False,False,True,False
BINANCEFTS_PERP_DOGE_USDT,2021-08-15 00:00:00+00:00,0.29446,0.34978,0.28611,0.34036,27083800646.0,3355142.0,False,False,False,False,False,False,True,False,False,True,False
BINANCEFTS_PERP_DOGE_USDT,2021-08-16 00:00:00+00:00,0.34037,0.35222,0.31,0.31975,11757919845.0,1570202.0,True,False,False,False,False,False,False,False,False,True,False
BINANCEFTS_PERP_DOGE_USDT,2021-08-17 00:00:00+00:00,0.31973,0.34078,0.294,0.29945,9785864165.0,1403462.0,False,True,False,False,False,False,False,False,False,True,False
BINANCEFTS_PERP_DOGE_USDT,2021-08-18 00:00:00+00:00,0.29953,0.32543,0.276,0.30337,11259475240.0,1521742.0,False,False,True,False,False,False,False,False,False,True,False
BINANCEFTS_PERP_DOGE_USDT,2021-08-19 00:00:00+00:00,0.3034,0.31978,0.29391,0.31811,6489985771.0,946360.0,False,False,False,True,False,False,False,False,False,True,False
BINANCEFTS_PERP_DOGE_USDT,2021-08-20 00:00:00+00:00,0.31814,0.33433,0.31405,0.32742,11206093716.0,1627116.0,False,False,False,False,True,False,False,False,False,True,False
BINANCEFTS_PERP_DOGE_USDT,2021-08-21 00:00:00+00:00,0.32741,0.32986,0.31369,0.31698,4459077544.0,655511.0,False,False,False,False,False,True,False,False,False,True,False
BINANCEFTS_PERP_DOGE_USDT,2021-08-22 00:00:00+00:00,0.31698,0.32199,0.30501,0.31492,3449293346.0,512203.0,False,False,False,False,False,False,True,False,False,True,False
BINANCEFTS_PERP_DOGE_USDT,2021-08-23 00:00:00+00:00,0.31491,0.32865,0.313,0.31824,4332194232.0,632376.0,True,False,False,False,False,False,False,False,False,True,False
BINANCEFTS_PERP_DOGE_USDT,2021-08-24 00:00:00+00:00,0.31821,0.32005,0.2721,0.28884,11044762806.0,1497422.0,False,True,False,False,False,False,False,False,False,True,False
BINANCEFTS_PERP_DOGE_USDT,2021-08-25 00:00:00+00:00,0.28883,0.29701,0.2796,0.2928,3979655143.0,572311.0,False,False,True,False,False,False,False,False,False,True,False
BINANCEFTS_PERP_DOGE_USDT,2021-08-26 00:00:00+00:00,0.2928,0.29655,0.2641,0.26834,4625909921.0,636038.0,False,False,False,True,False,False,False,False,False,True,False
BINANCEFTS_PERP_DOGE_USDT,2021-08-27 00:00:00+00:00,0.26837,0.29527,0.2651,0.29463,3753552404.0,530260.0,False,False,False,False,True,False,False,False,False,True,False
BINANCEFTS_PERP_DOGE_USDT,2021-08-28 00:00:00+00:00,0.29462,0.29979,0.28309,0.28623,2552071310.0,382427.0,False,False,False,False,False,True,False,False,False,True,False
BINANCEFTS_PERP_DOGE_USDT,2021-08-29 00:00:00+00:00,0.28623,0.29198,0.27656,0.28126,2556707740.0,348031.0,False,False,False,False,False,False,True,False,False,True,False
BINANCEFTS_PERP_DOGE_USDT,2021-08-30 00:00:00+00:00,0.28126,0.29091,0.26984,0.27206,3104726535.0,442362.0,True,False,False,False,False,False,False,False,False,True,False
BINANCEFTS_PERP_DOGE_USDT,2021-08-31 00:00:00+00:00,0.27211,0.28622,0.26979,0.27849,3070536066.0,432676.0,False,True,False,False,False,False,False,False,False,True,False
BINANCEFTS_PERP_DOGE_USDT,2021-09-01 00:00:00+00:00,0.27848,0.29537,0.27312,0.2947,3022113595.0,402125.0,False,False,True,False,False,False,False,False,False,False,True
BINANCEFTS_PERP_DOGE_USDT,2021-09-02 00:00:00+00:00,0.2947,0.31019,0.29201,0.29486,6116635707.0,780987.0,False,False,False,True,False,False,False,False,False,False,True
BINANCEFTS_PERP_DOGE_USDT,2021-09-03 00:00:00+00:00,0.29487,0.30522,0.2866,0.29646,3885141563.0,521938.0,False,False,False,False,True,False,False,False,False,False,True
BINANCEFTS_PERP_DOGE_USDT,2021-09-04 00:00:00+00:00,0.29646,0.30956,0.29337,0.29979,4166182930.0,543614.0,False,False,False,False,False,True,False,False,False,False,True
BINANCEFTS_PERP_DOGE_USDT,2021-09-05 00:00:00+00:00,0.29978,0.316,0.29616,0.31476,4177670763.0,550870.0,False,False,False,False,False,False,True,False,False,False,True
BINANCEFTS_PERP_DOGE_USDT,2021-09-06 00:00:00+00:00,0.31474,0.32095,0.29956,0.30928,4579375046.0,574343.0,True,False,False,False,False,False,False,False,False,False,True
BINANCEFTS_PERP_DOGE_USDT,2021-09-07 00:00:00+00:00,0.30941,0.31176,0.20225,0.25547,10169939983.0,1477156.0,False,True,False,False,False,False,False,False,False,False,True
BINANCEFTS_PERP_DOGE_USDT,2021-09-08 00:00:00+00:00,0.25548,0.26365,0.23345,0.25669,4920849833.0,766851.0,False,False,True,False,False,False,False,False,False,False,True
BINANCEFTS_PERP_DOGE_USDT,2021-09-09 00:00:00+00:00,0.25667,0.25987,0.24858,0.2527,2716227819.0,411248.0,False,False,False,True,False,False,False,False,False,False,True
BINANCEFTS_PERP_DOGE_USDT,2021-09-10 00:00:00+00:00,0.25269,0.26226,0.23529,0.23975,3199711672.0,455639.0,False,False,False,False,True,False,False,False,False,False,True
BINANCEFTS_PERP_DOGE_USDT,2021-09-11 00:00:00+00:00,0.23977,0.24797,0.2376,0.241,1659109649.0,254701.0,False,False,False,False,False,True,False,False,False,False,True
BINANCEFTS_PERP_DOGE_USDT,2021-09-12 00:00:00+00:00,0.24101,0.25536,0.2388,0.25042,2158145434.0,312914.0,False,False,False,False,False,False,True,False,False,False,True
BINANCEFTS_PERP_DOGE_USDT,2021-09-13 00:00:00+00:00,0.25046,0.25246,0.22803,0.23586,3289295429.0,503306.0,True,False,False,False,False,False,False,False,False,False,True
BINANCEFTS_PERP_DOGE_USDT,2021-09-14 00:00:00+00:00,0.23584,0.24172,0.23346,0.24065,1446632651.0,236624.0,False,True,False,False,False,False,False,False,False,False,True
BINANCEFTS_PERP_DOGE_USDT,2021-09-15 00:00:00+00:00,0.24063,0.24839,0.23885,0.24784,1396761623.0,219145.0,False,False,True,False,False,False,False,False,False,False,True
BINANCEFTS_PERP_DOGE_USDT,2021-09-16 00:00:00+00:00,0.24784,0.24803,0.233,0.24212,1709026726.0,256158.0,False,False,False,True,False,False,False,False,False,False,True
BINANCEFTS_PERP_DOGE_USDT,2021-09-17 00:00:00+00:00,0.24212,0.26012,0.23738,0.24021,3648935676.0,573051.0,False,False,False,False,True,False,False,False,False,False,True
BINANCEFTS_PERP_DOGE_USDT,2021-09-18 00:00:00+00:00,0.24022,0.2475,0.238,0.24146,1371179946.0,222592.0,False,False,False,False,False,True,False,False,False,False,True
BINANCEFTS_PERP_DOGE_USDT,2021-09-19 00:00:00+00:00,0.24146,0.24156,0.23064,0.23308,1224948925.0,193454.0,False,False,False,False,False,False,True,False,False,False,True
BINANCEFTS_PERP_DOGE_USDT,2021-09-20 00:00:00+00:00,0.23308,0.23349,0.1988,0.20862,4153603973.0,623487.0,True,False,False,False,False,False,False,False,False,False,True
BINANCEFTS_PERP_DOGE_USDT,2021-09-21 00:00:00+00:00,0.20862,0.21851,0.19739,0.20069,3429744226.0,537937.0,False,True,False,False,False,False,False,False,False,False,True
BINANCEFTS_PERP_DOGE_USDT,2021-09-22 00:00:00+00:00,0.20071,0.2306,0.19978,0.22444,3634721654.0,556230.0,False,False,True,False,False,False,False,False,False,False,True
BINANCEFTS_PERP_DOGE_USDT,2021-09-23 00:00:00+00:00,0.22444,0.2273,0.21739,0.22442,1814086022.0,307874.0,False,False,False,True,False,False,False,False,False,False,True
BINANCEFTS_PERP_DOGE_USDT,2021-09-24 00:00:00+00:00,0.22444,0.22928,0.19632,0.20902,2963565897.0,496920.0,False,False,False,False,True,False,False,False,False,False,True
BINANCEFTS_PERP_DOGE_USDT,2021-09-25 00:00:00+00:00,0.20901,0.21256,0.20419,0.20827,1615993881.0,315073.0,False,False,False,False,False,True,False,False,False,False,True
BINANCEFTS_PERP_DOGE_USDT,2021-09-26 00:00:00+00:00,0.20828,0.20882,0.19396,0.20477,2015602243.0,316069.0,False,False,False,False,False,False,True,False,False,False,True
BINANCEFTS_PERP_DOGE_USDT,2021-09-27 00:00:00+00:00,0.20479,0.2093,0.19934,0.19955,1362421164.0,213896.0,True,False,False,False,False,False,False,False,False,False,True
BINANCEFTS_PERP_DOGE_USDT,2021-09-28 00:00:00+00:00,0.19953,0.20269,0.19586,0.1964,1570561574.0,221419.0,False,True,False,False,False,False,False,False,False,False,True
BINANCEFTS_PERP_DOGE_USDT,2021-09-29 00:00:00+00:00,0.19638,0.2042,0.19451,0.19853,1589616201.0,223287.0,False,False,True,False,False,False,False,False,False,False,True
BINANCEFTS_PERP_DOGE_USDT,2021-09-30 00:00:00+00:00,0.19854,0.20596,0.1975,0.20424,1476172763.0,219841.0,False,False,False,True,False,False,False,False,False,False,True
BINANCEFTS_PERP_DOGE_USDT,2021-10-01 00:00:00+00:00,0.20425,0.22535,0.20171,0.22277,4789789066.0,681232.0,False,False,False,False,True,False,False,False,False,False,True
BINANCEFTS_PERP_DOGE_USDT,2021-10-02 00:00:00+00:00,0.22277,0.2252,0.21504,0.2186,1865767517.0,256891.0,False,False,False,False,False,True,False,False,False,False,True
BINANCEFTS_PERP_DOGE_USDT,2021-10-03 00:00:00+00:00,0.21859,0.22693,0.21533,0.2219,1797620516.0,264546.0,False,False,False,False,False,False,True,False,False,False,True
BINANCEFTS_PERP_DOGE_USDT,2021-10-04 00:00:00+00:00,0.22191,0.24906,0.21212,0.24175,6605201744.0,934555.0,True,False,False,False,False,False,False,False,False,False,True
BINANCEFTS_PERP_DOGE_USDT,2021-10-05 00:00:00+00:00,0.24173,0.2682,0.2326,0.25197,7941769528.0,1143607.0,False,True,False,False,False,False,False,False,False,False,True
BINANCEFTS_PERP_DOGE_USDT,2021-10-06 00:00:00+00:00,0.25202,0.27199,0.24228,0.2543,7958649106.0,1156683.0,False,False,True,False,False,False,False,False,False,False,True
BINANCEFTS_PERP_DOGE_USDT,2021-10-07 00:00:00+00:00,0.25429,0.25725,0.2352,0.24311,4551800373.0,700496.0,False,False,False,True,False,False,False,False,False,False,True
BINANCEFTS_PERP_DOGE_USDT,2021-10-08 00:00:00+00:00,0.24311,0.25534,0.2415,0.24429,2940592778.0,456687.0,False,False,False,False,True,False,False,False,False,False,True
BINANCEFTS_PERP_DOGE_USDT,2021-10-09 00:00:00+00:00,0.2443,0.2529,0.24071,0.24697,2057026915.0,338738.0,False,False,False,False,False,True,False,False,False,False,True
BINANCEFTS_PERP_DOGE_USDT,2021-10-10 00:00:00+00:00,0.24697,0.2491,0.225,0.22881,2181495867.0,378736.0,False,False,False,False,False,False,True,False,False,False,True
BINANCEFTS_PERP_DOGE_USDT,2021-10-11 00:00:00+00:00,0.22881,0.23955,0.22467,0.23128,2036095680.0,356514.0,True,False,False,False,False,False,False,False,False,False,True
BINANCEFTS_PERP_DOGE_USDT,2021-10-12 00:00:00+00:00,0.23128,0.2318,0.21559,0.22623,2510882061.0,393924.0,False,True,False,False,False,False,False,False,False,False,True
BINANCEFTS_PERP_DOGE_USDT,2021-10-13 00:00:00+00:00,0.22619,0.23435,0.2205,0.23272,2071882748.0,362155.0,False,False,True,False,False,False,False,False,False,False,True
BINANCEFTS_PERP_DOGE_USDT,2021-10-14 00:00:00+00:00,0.23275,0.24041,0.23083,0.2329,2141762667.0,360996.0,False,False,False,True,False,False,False,False,False,False,True
BINANCEFTS_PERP_DOGE_USDT,2021-10-15 00:00:00+00:00,0.23291,0.24383,0.22403,0.23437,2731318141.0,456917.0,False,False,False,False,True,False,False,False,False,False,True
BINANCEFTS_PERP_DOGE_USDT,2021-10-16 00:00:00+00:00,0.23436,0.24596,0.23405,0.23747,2535636234.0,390625.0,False,False,False,False,False,True,False,False,False,False,True
BINANCEFTS_PERP_DOGE_USDT,2021-10-17 00:00:00+00:00,0.23747,0.24235,0.22484,0.23802,2319181473.0,374579.0,False,False,False,False,False,False,True,False,False,False,True
BINANCEFTS_PERP_DOGE_USDT,2021-10-18 00:00:00+00:00,0.23803,0.27359,0.23715,0.24749,10769281637.0,1489008.0,True,False,False,False,False,False,False,False,False,False,True
BINANCEFTS_PERP_DOGE_USDT,2021-10-19 00:00:00+00:00,0.24749,0.25514,0.24,0.24565,3311562892.0,475212.0,False,True,False,False,False,False,False,False,False,False,True
BINANCEFTS_PERP_DOGE_USDT,2021-10-20 00:00:00+00:00,0.24565,0.26223,0.24224,0.25501,3425643791.0,484777.0,False,False,True,False,False,False,False,False,False,False,True
BINANCEFTS_PERP_DOGE_USDT,2021-10-21 00:00:00+00:00,0.255,0.25897,0.24,0.2426,3277037813.0,558967.0,False,False,False,True,False,False,False,False,False,False,True
BINANCEFTS_PERP_DOGE_USDT,2021-10-22 00:00:00+00:00,0.24265,0.25318,0.235,0.24494,3470381962.0,509071.0,False,False,False,False,True,False,False,False,False,False,True
BINANCEFTS_PERP_DOGE_USDT,2021-10-23 00:00:00+00:00,0.24494,0.24819,0.242,0.24644,434109735.0,66524.0,False,False,False,False,False,True,False,False,False,False,True
BINANCEFTS_PERP_DOGE_USDT,2021-10-24 00:00:00+00:00,0.25144,0.28333,0.24604,0.27603,10152091277.0,1329595.0,False,False,False,False,False,False,True,False,False,False,True
BINANCEFTS_PERP_DOGE_USDT,2021-10-25 00:00:00+00:00,0.27603,0.28109,0.2575,0.26548,6120648653.0,800114.0,True,False,False,False,False,False,False,False,False,False,True
BINANCEFTS_PERP_DOGE_USDT,2021-10-26 00:00:00+00:00,0.26548,0.27472,0.25,0.25603,4926147051.0,625767.0,False,True,False,False,False,False,False,False,False,False,True
BINANCEFTS_PERP_DOGE_USDT,2021-10-27 00:00:00+00:00,0.25602,0.26394,0.21,0.23804,10365578078.0,1379129.0,False,False,True,False,False,False,False,False,False,False,True
BINANCEFTS_PERP_DOGE_USDT,2021-10-28 00:00:00+00:00,0.23802,0.341,0.23239,0.3,35660933776.0,5461310.0,False,False,False,True,False,False,False,False,False,False,True
BINANCEFTS_PERP_DOGE_USDT,2021-10-29 00:00:00+00:00,0.30004,0.30734,0.2737,0.28847,10268953573.0,1573411.0,False,False,False,False,True,False,False,False,False,False,True
BINANCEFTS_PERP_DOGE_USDT,2021-10-30 00:00:00+00:00,0.28844,0.2953,0.25719,0.26918,5963352799.0,896873.0,False,False,False,False,False,True,False,False,False,False,True
BINANCEFTS_PERP_DOGE_USDT,2021-10-31 00:00:00+00:00,0.26916,0.28532,0.252,0.28021,6870014210.0,1108153.0,False,False,False,False,False,False,True,False,False,False,True
BINANCEFTS_PERP_DOGE_USDT,2021-11-01 00:00:00+00:00,0.28023,0.28707,0.26329,0.27185,4493597471.0,759281.0,True,False,False,False,False,False,False,False,False,False,True
